file,PFAS,series,Bond Energy,Preparation Energy,Pauli Energy,Electrostatic Energy,Orbital Energy,Delta Dispersion,Delta E^0(XC),Delta gCP correction,Delta CPCM Dielectric
D:\Work\RZ_ORCA_PFASRemoval\02-EDA\BTMA\r2\R4N+FHEA-_r2\R4N+FHEA-_r2.out,FHEA,BTMA_r2SCAN-3c,5.71,16.160000000000004,15.73,-97.51,-0.9,-0.97,-5.06,0.11,78.15
D:\Work\RZ_ORCA_PFASRemoval\02-EDA\BTMA\wb\R4N+FHEA-_wb\R4N+FHEA-_wb.out,FHEA,BTMA_wB97X-D3,-2.92,16.08,10.34,-102.64,-0.7,-1.84,-3.56,0.0,79.4
D:\Work\RZ_ORCA_PFASRemoval\02-EDA\ExtendedMonomer\Water\R4N+FHEA-_EDA\R4N+FHEA-_EDA.out,FHEA,ExtendedMonomer_Water,-10.1,17.32,25.77,-114.84,-1.59,-8.61,-8.38,0.0,80.23
D:\Work\RZ_ORCA_PFASRemoval\02-EDA\BTMA\r2\R4N+PFHxA-_r2\R4N+PFHxA-_r2.out,PFHxA,BTMA_r2SCAN-3c,-5.01,13.659999999999988,8.48,-88.63,-1.0,-1.7,-6.64,0.28,70.54
D:\Work\RZ_ORCA_PFASRemoval\02-EDA\BTMA\wb\R4N+PFHxA-_wb\R4N+PFHxA-_wb.out,PFHxA,BTMA_wB97X-D3,-5.28,13.580000000000013,12.93,-94.36,-0.87,-3.56,-4.16,0.0,71.16
D:\Work\RZ_ORCA_PFASRemoval\02-EDA\ExtendedMonomer\Water\R4N+PFHxA-_EDA\R4N+PFHxA-_EDA.out,PFHxA,ExtendedMonomer_Water,-8.71,16.54999999999999,21.18,-92.91,-1.19,-7.56,-6.7,0.0,61.92
D:\Work\RZ_ORCA_PFASRemoval\02-EDA\BTMA\r2\R4N+PFOA-_r2\R4N+PFOA-_r2.out,PFOA,BTMA_r2SCAN-3c,-4.11,15.990000000000009,6.3,-88.15,-0.58,-1.47,-5.15,0.19,68.76
D:\Work\RZ_ORCA_PFASRemoval\02-EDA\BTMA\wb\R4N+PFOA-_wb\R4N+PFOA-_wb.out,PFOA,BTMA_wB97X-D3,-4.39,15.909999999999982,9.26,-92.24,-0.5,-2.99,-3.1,0.0,69.27
D:\Work\RZ_ORCA_PFASRemoval\02-EDA\ExtendedMonomer\Octanol_72.5\R4N+PFOA-\R4N+PFOA-.out,PFOA,ExtendedMonomer_Octanol72.5,-8.24,2.7099999999999955,24.21,-77.24,-1.26,-9.55,-7.73,0.0,60.62
D:\Work\RZ_ORCA_PFASRemoval\02-EDA\ExtendedMonomer\Water\R4N+PFOA-_EDA\R4N+PFOA-_EDA.out,PFOA,ExtendedMonomer_Water,-10.88,18.199999999999996,24.16,-95.53,-1.25,-9.55,-7.71,0.0,60.8
D:\Work\RZ_ORCA_PFASRemoval\02-EDA\BTMA\r2\R4N+PFOS-_r2\R4N+PFOS-_r2.out,PFOS,BTMA_r2SCAN-3c,-3.32,15.479999999999983,5.49,-86.47,-0.57,-1.41,-4.44,0.12,68.48
D:\Work\RZ_ORCA_PFASRemoval\02-EDA\BTMA\wb\R4N+PFOS-_wb\R4N+PFOS-_wb.out,PFOS,BTMA_wB97X-D3,-3.66,15.320000000000004,7.82,-89.25,-0.44,-2.73,-2.72,0.0,68.34
D:\Work\RZ_ORCA_PFASRemoval\02-EDA\ExtendedMonomer\Octanol_72.5\R4N+PFOS-\R4N+PFOS-.out,PFOS,ExtendedMonomer_Octanol72.5,-7.93,2.8599999999999994,19.14,-47.16,-1.07,-9.07,-6.56,0.0,33.93
D:\Work\RZ_ORCA_PFASRemoval\02-EDA\ExtendedMonomer\Water\R4N+PFOS-_EDA\R4N+PFOS-_EDA.out,PFOS,ExtendedMonomer_Water,-10.81,17.239999999999995,27.54,-68.6,-1.35,-10.79,-9.13,0.0,34.28
