frame,tail_waters_5A
1,32
2,28
3,30
4,31
5,35
6,32
7,38
8,29
9,33
10,37
11,36
12,37
13,37
14,37
15,37
16,37
17,36
18,39
19,32
20,37
21,34
22,35
23,36
24,36
25,36
26,35
27,39
28,32
29,35
30,36
31,39
32,36
33,36
34,40
35,36
36,37
37,40
38,42
39,34
40,38
41,37
42,32
43,44
44,37
45,36
46,35
47,37
48,35
49,30
50,40
51,42
52,35
53,43
54,38
55,35
56,37
57,37
58,39
59,31
60,37
61,38
62,34
63,34
64,32
65,35
66,31
67,37
68,36
69,34
70,39
71,34
72,40
73,38
74,36
75,36
76,37
77,35
78,37
79,34
80,33
81,33
82,39
83,36
84,33
85,35
86,36
87,33
88,37
89,35
90,32
91,35
92,34
93,33
94,40
95,32
96,34
97,38
98,34
99,36
100,35
