method,species,reference_model,source_archive,source_member,source_sha256,E_Eh,G_Eh,ZPE_Eh,thermal_Eh,entropy_Eh,corr_Eh
r2SCAN-3c,free_FHEA,BTMA,04-01_Calculations.zip,01_Calculations/01_BTMA/02_Frequency/r2scan-3c/3_X-_0.15M/FHEA_0.15M/FHEA_0.15M.out,8f9f0d8a14f4e5968d11bd1e2d4b4120c25f0e15b79291b95fc229812b2a975c,-1754.590197254154,-1754.52647219,0.11396896,0.02365361415396562,-0.07389751,0.06372506415391399
r2SCAN-3c,free_PFHxA,BTMA,04-01_Calculations.zip,01_Calculations/01_BTMA/02_Frequency/r2scan-3c/3_X-_0.15M/PFHxA_0.15M/PFHxA_0.15M.out,73f7891368f86d278d0dd70c957d9bbde4e3ea3978c10a5604eade664599cb03,-1477.499356306281,-1477.47120355,0.07355321,0.0192418762810576,-0.06464233,0.02815275628108793
r2SCAN-3c,free_PFOA,R-BTMA,04-01_Calculations.zip,01_Calculations/02_Extended_Monomer/water/02_Frequency/r2scan-3c/3_X-_freqGMr2/PFOA_freqGMr2/PFOA_freqGMr2.out,8e18c1a51f296040a3ce212e38183bb85a6c6945baffba6513fc015d7397bf61,-1953.067972855685,-1953.02302217,0.09719801,0.025489265684938867,-0.0777366,0.04495068568485294
r2SCAN-3c,free_PFOS,BTMA,04-01_Calculations.zip,01_Calculations/01_BTMA/02_Frequency/r2scan-3c/3_X-_0.15M/PFOS_0.15M/PFOS_0.15M.out,4b604c50b0f5d30179b38e42e9709be99148ccf17cc2d1535d9e4ec7c0a5a50c,-2626.089844333014,-2626.03564535,0.11009542,0.02976255301393177,-0.085659,0.05419898301397552
r2SCAN-3c,free_Cl,BTMA,04-01_Calculations.zip,01_Calculations/01_BTMA/02_Frequency/r2scan-3c/4_Cl-_0.15M/Cl-_0.15M.out,d0ac7e34af01b9adea2a3db7fc19b4487f2986ef21aa7430e0bd4e350e7bb3de,-460.345405067028,-460.36114952,0.0,0.00245548702804399,-0.01819994,-0.015744452972001
wB97X-D3,free_FHEA,R-BTMA,04-01_Calculations.zip,01_Calculations/02_Extended_Monomer/water/02_Frequency/wb97x-d3/3_X-_freqGMwb/FHEA_freqGMwb/FHEA_freqGMwbr2.out,ca6b0f877d70fa1f910ddcc224a4460b9d91860cf73ab00e79ebae2ee8829066,-1754.938877499405,-1754.87158616,0.11710631,0.023285469405035772,-0.07310044,0.06729133940484644
wB97X-D3,free_PFHxA,R-BTMA,04-01_Calculations.zip,01_Calculations/02_Extended_Monomer/water/02_Frequency/wb97x-d3/3_X-_freqGMwb/PFHxA_freqGMwb/PFHxA_freqGMwb.out,197fc99d1a10c9172d29af76d3f3eef8401cc5746de7571dca821d44e7ca9a20,-1477.788129952896,-1477.75805868,0.07571627,0.01915141289593783,-0.06479641,0.030071272896066148
wB97X-D3,free_PFOA,R-BTMA,04-01_Calculations.zip,01_Calculations/02_Extended_Monomer/water/02_Frequency/wb97x-d3/3_X-_freqGMwb/PFOA_freqGMwb/PFOA_freqGMwb.out,0e942998ea8f361c13bfb02159c6274754e9221176c715f1ad1b5ad54184f714,-1953.448760992937,-1953.40037072,0.10038305,0.025201542937002525,-0.07719432,0.048390272937012924
wB97X-D3,free_PFOS,R-BTMA,04-01_Calculations.zip,01_Calculations/02_Extended_Monomer/water/02_Frequency/wb97x-d3/3_X-_freqGMwb/PFOS_freqGMwb/PFOS_freqGMwbr2.out,cda4589e281fd4fa20c6fb01dd2a49e87c3e70e6d7edaa4aac3c71ea1054b0e0,-2626.60170242583,-2626.54253473,0.11467273,0.029144975829860642,-0.08465,0.05916769582972847
wB97X-D3,free_Cl,BTMA,04-01_Calculations.zip,01_Calculations/01_BTMA/02_Frequency/wb97x-d3/4_Cl-_wb/Cl-_wb.out,2cbf4ea8aa8d384a3aab6cd3d6fd4801e29b74f002a5ae4d741342e58a7947d0,-460.385228974217,-460.40097343,0.0,0.0024554842170232405,-0.01819994,-0.01574445578302175
