model,solvent,method,PFAS,E_complex_Eh,E_chloride_pair_Eh,E_free_PFAS_Eh,E_free_Cl_Eh,G_complex_Eh,G_chloride_pair_Eh,G_free_PFAS_Eh,G_free_Cl_Eh,DeltaE_kcal_mol,DeltaG_kcal_mol,complex_source,chloride_pair_source,free_PFAS_source,free_Cl_source
BTMA,water,r2SCAN-3c,6:2 FTCA,-2199.764389580309,-905.517886846123,-1754.590197254154,-460.345405067028,-2199.47078192,-905.31500817,-1754.52647219,-460.36114952,-1.0733844858639712,5.992037766637695,04-01_Calculations.zip/01_Calculations/01_BTMA/02_Frequency/r2scan-3c/1_R4N+X-_0.15M/R4N+FHEA-_0.15M/R4N+FHEA-_0.15M.out,04-01_Calculations.zip/01_Calculations/01_BTMA/02_Frequency/r2scan-3c/2_R4N+Cl-_0.15M/R4N+Cl-_0.15M.out,04-01_Calculations.zip/01_Calculations/01_BTMA/02_Frequency/r2scan-3c/3_X-_0.15M/FHEA_0.15M/FHEA_0.15M.out,04-01_Calculations.zip/01_Calculations/01_BTMA/02_Frequency/r2scan-3c/4_Cl-_0.15M/Cl-_0.15M.out
BTMA,water,r2SCAN-3c,PFHxA,-1922.676121647777,-905.517886846123,-1477.499356306281,-460.345405067028,-1922.41786628,-905.31500817,-1477.47120355,-460.36114952,-2.687975989159849,4.515507974119899,04-01_Calculations.zip/01_Calculations/01_BTMA/02_Frequency/r2scan-3c/1_R4N+X-_0.15M/R4N+PFHxA-_0.15M/R4N+PFHxA-_0.15M.out,04-01_Calculations.zip/01_Calculations/01_BTMA/02_Frequency/r2scan-3c/2_R4N+Cl-_0.15M/R4N+Cl-_0.15M.out,04-01_Calculations.zip/01_Calculations/01_BTMA/02_Frequency/r2scan-3c/3_X-_0.15M/PFHxA_0.15M/PFHxA_0.15M.out,04-01_Calculations.zip/01_Calculations/01_BTMA/02_Frequency/r2scan-3c/4_Cl-_0.15M/Cl-_0.15M.out
BTMA,water,r2SCAN-3c,PFOA,-2398.242098977966,-905.517886846123,-1953.067972855685,-460.345405067028,-2397.96515453,-905.31500817,-1953.02302217,-460.36114952,-1.0318409278657459,7.358358070057838,04-01_Calculations.zip/01_Calculations/01_BTMA/02_Frequency/r2scan-3c/1_R4N+X-_0.15M/R4N+PFOA-_0.15M/R4N+PFOA-_0.15M.out,04-01_Calculations.zip/01_Calculations/01_BTMA/02_Frequency/r2scan-3c/2_R4N+Cl-_0.15M/R4N+Cl-_0.15M.out,04-01_Calculations.zip/01_Calculations/02_Extended_Monomer/water/02_Frequency/r2scan-3c/3_X-_freqGMr2/PFOA_freqGMr2/PFOA_freqGMr2.out,04-01_Calculations.zip/01_Calculations/01_BTMA/02_Frequency/r2scan-3c/4_Cl-_0.15M/Cl-_0.15M.out
BTMA,water,r2SCAN-3c,PFOS,-3071.263984705567,-905.517886846123,-2626.089844333014,-460.345405067028,-3070.97953381,-905.31500817,-2626.03564535,-460.36114952,-1.04078310854542,6.256388682645123,04-01_Calculations.zip/01_Calculations/01_BTMA/02_Frequency/r2scan-3c/1_R4N+X-_0.15M/R4N+PFOS-_0.15M/R4N+PFOS-_0.15M.out,04-01_Calculations.zip/01_Calculations/01_BTMA/02_Frequency/r2scan-3c/2_R4N+Cl-_0.15M/R4N+Cl-_0.15M.out,04-01_Calculations.zip/01_Calculations/01_BTMA/02_Frequency/r2scan-3c/3_X-_0.15M/PFOS_0.15M/PFOS_0.15M.out,04-01_Calculations.zip/01_Calculations/01_BTMA/02_Frequency/r2scan-3c/4_Cl-_0.15M/Cl-_0.15M.out
BTMA,water,wB97X-D3,6:2 FTCA,-2200.289787524607,-905.73115143515,-1754.938877499405,-460.385228974217,-2199.99167612,-905.52436385,-1754.87158616,-460.40097343,-3.1297438311337054,2.0710699184812347,04-01_Calculations.zip/01_Calculations/01_BTMA/02_Frequency/wb97x-d3/1_R4N+X-_wb/R4N+FHEA-_wb/R4N+FHEA-_wb.out,04-01_Calculations.zip/01_Calculations/01_BTMA/02_Frequency/wb97x-d3/2_R4N+Cl-_wb/R4N+Cl-_wb.out,04-01_Calculations.zip/01_Calculations/02_Extended_Monomer/water/02_Frequency/wb97x-d3/3_X-_freqGMwb/FHEA_freqGMwb/FHEA_freqGMwbr2.out,04-01_Calculations.zip/01_Calculations/01_BTMA/02_Frequency/wb97x-d3/4_Cl-_wb/Cl-_wb.out
BTMA,water,wB97X-D3,PFHxA,-1923.137309076471,-905.73115143515,-1477.788129952896,-460.385228974217,-1922.87422607,-905.52436385,-1477.75805868,-460.40097343,-2.0435866614425082,4.53251975590068,04-01_Calculations.zip/01_Calculations/01_BTMA/02_Frequency/wb97x-d3/1_R4N+X-_wb/R4N+PFHxA-_wb/R4N+PFHxA-_wb.out,04-01_Calculations.zip/01_Calculations/01_BTMA/02_Frequency/wb97x-d3/2_R4N+Cl-_wb/R4N+Cl-_wb.out,04-01_Calculations.zip/01_Calculations/02_Extended_Monomer/water/02_Frequency/wb97x-d3/3_X-_freqGMwb/PFHxA_freqGMwb/PFHxA_freqGMwb.out,04-01_Calculations.zip/01_Calculations/01_BTMA/02_Frequency/wb97x-d3/4_Cl-_wb/Cl-_wb.out
BTMA,water,wB97X-D3,PFOA,-2398.793370784731,-905.73115143515,-1953.448760992937,-460.385228974217,-2398.51089463,-905.52436385,-1953.40037072,-460.40097343,0.8237123209124209,8.07385692216097,04-01_Calculations.zip/01_Calculations/01_BTMA/02_Frequency/wb97x-d3/1_R4N+X-_wb/R4N+PFOA-_wb/R4N+PFOA-_wb.out,04-01_Calculations.zip/01_Calculations/01_BTMA/02_Frequency/wb97x-d3/2_R4N+Cl-_wb/R4N+Cl-_wb.out,04-01_Calculations.zip/01_Calculations/02_Extended_Monomer/water/02_Frequency/wb97x-d3/3_X-_freqGMwb/PFOA_freqGMwb/PFOA_freqGMwb.out,04-01_Calculations.zip/01_Calculations/01_BTMA/02_Frequency/wb97x-d3/4_Cl-_wb/Cl-_wb.out
BTMA,water,wB97X-D3,PFOS,-3071.948356352467,-905.73115143515,-2626.60170242583,-460.385228974217,-3071.65679623,-905.52436385,-2626.54253473,-460.40097343,-0.4590016591347714,5.72848378743837,04-01_Calculations.zip/01_Calculations/01_BTMA/02_Frequency/wb97x-d3/1_R4N+X-_wb/R4N+PFOS-_wb/R4N+PFOS-_wb.out,04-01_Calculations.zip/01_Calculations/01_BTMA/02_Frequency/wb97x-d3/2_R4N+Cl-_wb/R4N+Cl-_wb.out,04-01_Calculations.zip/01_Calculations/02_Extended_Monomer/water/02_Frequency/wb97x-d3/3_X-_freqGMwb/PFOS_freqGMwb/PFOS_freqGMwbr2.out,04-01_Calculations.zip/01_Calculations/01_BTMA/02_Frequency/wb97x-d3/4_Cl-_wb/Cl-_wb.out
R-BTMA,water,r2SCAN-3c,PFOA,-2865.069247636996,-1372.331833815702,-1953.067972855685,-460.345405067028,-2864.55518605,-1371.89396724,-1953.02302217,-460.36114952,-9.316026130938821,0.4102907945058081,04-01_Calculations.zip/01_Calculations/02_Extended_Monomer/water/02_Frequency/r2scan-3c/1_R4N+X-_freqGMr2/R4N+PFOA-_freqGMr2/R4N+PFOA-_freqGMr2.out,04-01_Calculations.zip/01_Calculations/02_Extended_Monomer/water/02_Frequency/r2scan-3c/2_R4N+Cl-_freqGMr2/R4N+Cl-_freqGMr2.out,04-01_Calculations.zip/01_Calculations/02_Extended_Monomer/water/02_Frequency/r2scan-3c/3_X-_freqGMr2/PFOA_freqGMr2/PFOA_freqGMr2.out,04-01_Calculations.zip/01_Calculations/01_BTMA/02_Frequency/r2scan-3c/4_Cl-_0.15M/Cl-_0.15M.out
R-BTMA,water,wB97X-D3,6:2 FTCA,-2667.277650979505,-1372.713160371018,-1754.938877499405,-460.385228974217,-2666.7369246,-1372.26934478,-1754.87158616,-460.40097343,-6.803509988017407,1.9031797589330988,04-01_Calculations.zip/01_Calculations/02_Extended_Monomer/water/02_Frequency/wb97x-d3/1_R4N+X-_freqGMwb/R4N+FHEA-_freqGMwb/R4N+FHEA-_freqGMwb.out,04-01_Calculations.zip/01_Calculations/02_Extended_Monomer/water/02_Frequency/wb97x-d3/2_R4N+Cl-_freqGMwb/R4N+Cl-_freqGMwb.out,04-01_Calculations.zip/01_Calculations/02_Extended_Monomer/water/02_Frequency/wb97x-d3/3_X-_freqGMwb/FHEA_freqGMwb/FHEA_freqGMwbr2.out,04-01_Calculations.zip/01_Calculations/01_BTMA/02_Frequency/wb97x-d3/4_Cl-_wb/Cl-_wb.out
R-BTMA,water,wB97X-D3,PFHxA,-2390.127333629396,-1372.713160371018,-1477.788129952896,-460.385228974217,-2389.62375647,-1372.26934478,-1477.75805868,-460.40097343,-7.0734623048251555,1.6776842292750218,04-01_Calculations.zip/01_Calculations/02_Extended_Monomer/water/02_Frequency/wb97x-d3/1_R4N+X-_freqGMwb/R4N+PFHxA-_freqGMwb/R4N+PFHxA-_freqGMwb.out,04-01_Calculations.zip/01_Calculations/02_Extended_Monomer/water/02_Frequency/wb97x-d3/2_R4N+Cl-_freqGMwb/R4N+Cl-_freqGMwb.out,04-01_Calculations.zip/01_Calculations/02_Extended_Monomer/water/02_Frequency/wb97x-d3/3_X-_freqGMwb/PFHxA_freqGMwb/PFHxA_freqGMwb.out,04-01_Calculations.zip/01_Calculations/01_BTMA/02_Frequency/wb97x-d3/4_Cl-_wb/Cl-_wb.out
R-BTMA,water,wB97X-D3,PFOA,-2865.791899333968,-1372.713160371018,-1953.448760992937,-460.385228974217,-2865.26946538,-1372.26934478,-1953.40037072,-460.40097343,-9.542501575049522,-0.45388387764655413,04-01_Calculations.zip/01_Calculations/02_Extended_Monomer/water/02_Frequency/wb97x-d3/1_R4N+X-_freqGMwb/R4N+PFOA-_freqGMwb/R4N+PFOA-_freqGMwb.out,04-01_Calculations.zip/01_Calculations/02_Extended_Monomer/water/02_Frequency/wb97x-d3/2_R4N+Cl-_freqGMwb/R4N+Cl-_freqGMwb.out,04-01_Calculations.zip/01_Calculations/02_Extended_Monomer/water/02_Frequency/wb97x-d3/3_X-_freqGMwb/PFOA_freqGMwb/PFOA_freqGMwb.out,04-01_Calculations.zip/01_Calculations/01_BTMA/02_Frequency/wb97x-d3/4_Cl-_wb/Cl-_wb.out
R-BTMA,water,wB97X-D3,PFOS,-3538.944164571592,-1372.713160371018,-2626.60170242583,-460.385228974217,-3538.4092408,-1372.26934478,-2626.54253473,-460.40097343,-9.118182637428175,1.044978976861112,04-01_Calculations.zip/01_Calculations/02_Extended_Monomer/water/02_Frequency/wb97x-d3/1_R4N+X-_freqGMwb/R4N+PFOS-_freqGMwb/R4N+PFOS-_freqGMwb.out,04-01_Calculations.zip/01_Calculations/02_Extended_Monomer/water/02_Frequency/wb97x-d3/2_R4N+Cl-_freqGMwb/R4N+Cl-_freqGMwb.out,04-01_Calculations.zip/01_Calculations/02_Extended_Monomer/water/02_Frequency/wb97x-d3/3_X-_freqGMwb/PFOS_freqGMwb/PFOS_freqGMwbr2.out,04-01_Calculations.zip/01_Calculations/01_BTMA/02_Frequency/wb97x-d3/4_Cl-_wb/Cl-_wb.out
R-BTMA,1-octanol,wB97X-D3,PFOA,-2865.805580031053,-1372.72715811557,-1953.448760992937,-460.385228974217,-2865.28317784,-1372.2834657,-1953.40037072,-460.40097343,-9.343551285670012,-0.19757135788589025,07-PFOA_octanol_results_20260926.zip/00-2-octanol_redo/02_Frequency/wb97x-d3/1_R4N+X-_freqGMwb/R4N+PFOA-_freqGMwb/1/R4N+PFOA-_freqGMwb.out,07-PFOA_octanol_results_20260926.zip/00-2-octanol_redo/02_Frequency/wb97x-d3/2_R4N+Cl-_freqGMwb/1/R4N+Cl-_freqGMwb.out,04-01_Calculations.zip/01_Calculations/02_Extended_Monomer/water/02_Frequency/wb97x-d3/3_X-_freqGMwb/PFOA_freqGMwb/PFOA_freqGMwb.out,04-01_Calculations.zip/01_Calculations/01_BTMA/02_Frequency/wb97x-d3/4_Cl-_wb/Cl-_wb.out
