model,solvent,method,species,source_archive,source_member,source_sha256,E_printed_Eh,G_Eh,H_Eh,ZPE_Eh,entropy_Eh,E_Eh,thermal_Eh,corr_Eh
BTMA,water,r2SCAN-3c,bound_FHEA,04-01_Calculations.zip,01_Calculations/01_BTMA/02_Frequency/r2scan-3c/1_R4N+X-_0.15M/R4N+FHEA-_0.15M/R4N+FHEA-_0.15M.out,ca4c26def9d1b893e899855c85b132e12a6a6ae1180b64ca2db64414e655212c,-2199.76438958,-2199.47078192,-2199.36819869,0.35861966,-0.10258323,-2199.764389580309,0.03757123030884424,0.2936076603091351
BTMA,water,r2SCAN-3c,bound_PFHxA,04-01_Calculations.zip,01_Calculations/01_BTMA/02_Frequency/r2scan-3c/1_R4N+X-_0.15M/R4N+PFHxA-_0.15M/R4N+PFHxA-_0.15M.out,054970d2c4e07796ef0f1d767f2511d6bc055355dd9067b9b38a59192f63a965,-1922.67612165,-1922.41786628,-1922.32468063,0.31829459,-0.09318565,-1922.676121647777,0.03314642777700599,0.2582553677771102
BTMA,water,r2SCAN-3c,bound_PFOA,04-01_Calculations.zip,01_Calculations/01_BTMA/02_Frequency/r2scan-3c/1_R4N+X-_0.15M/R4N+PFOA-_0.15M/R4N+PFOA-_0.15M.out,b3e4bca01d25176d608f950b04c808df1a2327bad1bc6a6e24f83b9bfc6d30b0,-2398.24209898,-2397.96515453,-2397.86048129,0.34258347,-0.10467324,-2398.242098977966,0.03903421796635442,0.27694444796634343
BTMA,water,r2SCAN-3c,bound_PFOS,04-01_Calculations.zip,01_Calculations/01_BTMA/02_Frequency/r2scan-3c/1_R4N+X-_0.15M/R4N+PFOS-_0.15M/R4N+PFOS-_0.15M.out,eac3fbcce9399a2d8b6a8be5a0e3ab854e4dd9efd4f30ae62b0946c24b89923c,-3071.26398471,-3070.97953381,-3070.86524441,0.35502635,-0.1142894,-3071.263984705567,0.043713945567222356,0.2844508955672609
BTMA,water,r2SCAN-3c,bound_Cl,04-01_Calculations.zip,01_Calculations/01_BTMA/02_Frequency/r2scan-3c/2_R4N+Cl-_0.15M/R4N+Cl-_0.15M.out,73d8e588544e8527c6eaa7bab05414820720d7ee0af78dfc2fb45b12db7a3f99,-905.51788685,-905.31500817,-905.25825323,0.24451639,-0.05675493,-905.517886846123,0.015117226122982858,0.20287867612296395
BTMA,water,r2SCAN-3c,free_FHEA,04-01_Calculations.zip,01_Calculations/01_BTMA/02_Frequency/r2scan-3c/3_X-_0.15M/FHEA_0.15M/FHEA_0.15M.out,8f9f0d8a14f4e5968d11bd1e2d4b4120c25f0e15b79291b95fc229812b2a975c,-1754.59019725,-1754.52647219,-1754.45257468,0.11396896,-0.07389751,-1754.590197254154,0.02365361415396562,0.06372506415391399
BTMA,water,r2SCAN-3c,free_PFHxA,04-01_Calculations.zip,01_Calculations/01_BTMA/02_Frequency/r2scan-3c/3_X-_0.15M/PFHxA_0.15M/PFHxA_0.15M.out,73f7891368f86d278d0dd70c957d9bbde4e3ea3978c10a5604eade664599cb03,-1477.49935631,-1477.47120355,-1477.40656122,0.07355321,-0.06464233,-1477.499356306281,0.0192418762810576,0.02815275628108793
BTMA,water,r2SCAN-3c,free_PFOA,04-01_Calculations.zip,01_Calculations/01_BTMA/02_Frequency/r2scan-3c/3_X-_0.15M/PFOA_0.15M/PFOA_0.15M.out,02eff101eb033076b6eca11fe188d2e20dc0045c34867a5b5236d61d42fcedf3,-1953.06650253,-1953.02071754,-1952.94375768,0.09741455,-0.07695986,-1953.066502525915,0.025330295914894538,0.04578498591490643
BTMA,water,r2SCAN-3c,free_PFOS,04-01_Calculations.zip,01_Calculations/01_BTMA/02_Frequency/r2scan-3c/3_X-_0.15M/PFOS_0.15M/PFOS_0.15M.out,4b604c50b0f5d30179b38e42e9709be99148ccf17cc2d1535d9e4ec7c0a5a50c,-2626.08984433,-2626.03564535,-2625.94998636,0.11009542,-0.085659,-2626.089844333014,0.02976255301393177,0.05419898301397552
BTMA,water,r2SCAN-3c,free_Cl,04-01_Calculations.zip,01_Calculations/01_BTMA/02_Frequency/r2scan-3c/4_Cl-_0.15M/Cl-_0.15M.out,d0ac7e34af01b9adea2a3db7fc19b4487f2986ef21aa7430e0bd4e350e7bb3de,-460.34540507,-460.36114952,-460.34294958,0.0,-0.01819994,-460.345405067028,0.00245548702804399,-0.015744452972001
BTMA,water,wB97X-D3,bound_FHEA,04-01_Calculations.zip,01_Calculations/01_BTMA/02_Frequency/wb97x-d3/1_R4N+X-_wb/R4N+FHEA-_wb/R4N+FHEA-_wb.out,f688e60a3dc27e0db13527f807f4becb2024f6960bef9ba1a76fbbbb8572f187,-2200.28978752,-2199.99167612,-2199.88751722,0.36483095,-0.1041589,-2200.289787524607,0.03743935460710013,0.2981114046069706
BTMA,water,wB97X-D3,bound_PFHxA,04-01_Calculations.zip,01_Calculations/01_BTMA/02_Frequency/wb97x-d3/1_R4N+X-_wb/R4N+PFHxA-_wb/R4N+PFHxA-_wb.out,07c4774ece8881eeb7f10a03aaf6efcaeb35e5737a7cd4692cc5695dca127e50,-1923.13730908,-1922.87422607,-1922.78044195,0.32391546,-0.09378412,-1923.137309076471,0.03295166647088826,0.2630830064708789
BTMA,water,wB97X-D3,bound_PFOA,04-01_Calculations.zip,01_Calculations/01_BTMA/02_Frequency/wb97x-d3/1_R4N+X-_wb/R4N+PFOA-_wb/R4N+PFOA-_wb.out,92155a9ca6c3dc39de9f545c6399a29af25111048fbb6a5f2ef5d7a8318d56bd,-2398.79337078,-2398.51089463,-2398.40578915,0.3487451,-0.10510548,-2398.793370784731,0.03883653473085008,0.2824761547308299
BTMA,water,wB97X-D3,bound_PFOS,04-01_Calculations.zip,01_Calculations/01_BTMA/02_Frequency/wb97x-d3/1_R4N+X-_wb/R4N+PFOS-_wb/R4N+PFOS-_wb.out,852d5994503717c95aab556f3e00a4720f55f39bfc743f2bb06208cf567578e0,-3071.94835635,-3071.65679623,-3071.54246838,0.36270276,-0.11432786,-3071.948356352467,0.043185212466643974,0.29156012246676255
BTMA,water,wB97X-D3,bound_Cl,04-01_Calculations.zip,01_Calculations/01_BTMA/02_Frequency/wb97x-d3/2_R4N+Cl-_wb/R4N+Cl-_wb.out,44d94413184ab90de0980c95cbf6f249e1ddcb28974aec2dc42ffaac1b121c9b,-905.73115144,-905.52436385,-905.46844534,0.24773853,-0.05591851,-905.73115143515,0.014967565149951567,0.20678758514998208
BTMA,water,wB97X-D3,free_FHEA,04-01_Calculations.zip,01_Calculations/01_BTMA/02_Frequency/wb97x-d3/3_X-_wb/FHEA_wb/FHEA_wb.out,5a60e1b40bd86a790d5026696e0c5beca9ca168bba8f43a40b3c9efabc8ae664,-1754.94414965,-1754.87717914,-1754.80350556,0.11723772,-0.07367358,-1754.944149647387,0.02340636738681777,0.06697050738694088
BTMA,water,wB97X-D3,free_PFHxA,04-01_Calculations.zip,01_Calculations/01_BTMA/02_Frequency/wb97x-d3/3_X-_wb/PFHxA_wb/PFHxA_wb.out,b07d3afa29e65cf8154bda29c3538f2993bf152f46249a1dbbe8d4af8aece4d6,-1477.78858617,-1477.75807611,-1477.69366745,0.07585552,-0.06440866,-1477.788586171688,0.019063201687918155,0.03051006168789172
BTMA,water,wB97X-D3,free_PFOA,04-01_Calculations.zip,01_Calculations/01_BTMA/02_Frequency/wb97x-d3/3_X-_wb/PFOA_wb/PFOA_wb.out,0b0da7ab96cc0ad39fb0fdbbb7782d729dd4182bccec62732119bbcfd8eaa947,-1953.44577786,-1953.39663489,-1953.32016589,0.10057576,-0.07646901,-1953.445777855603,0.025036205602956843,0.04914296560286857
BTMA,water,wB97X-D3,free_PFOS,04-01_Calculations.zip,01_Calculations/01_BTMA/02_Frequency/wb97x-d3/3_X-_wb/PFOS_wb/PFOS_wb.out,20c1f9f9aa5a37e13199c42f005d66d7a900bd44a9444d5e7d3c6ecc1b62f4aa,-2626.6023338,-2626.54301344,-2626.45838995,0.1147735,-0.08462349,-2626.602333802936,0.029170352935990435,0.059320362935977755
BTMA,water,wB97X-D3,free_Cl,04-01_Calculations.zip,01_Calculations/01_BTMA/02_Frequency/wb97x-d3/4_Cl-_wb/Cl-_wb.out,2cbf4ea8aa8d384a3aab6cd3d6fd4801e29b74f002a5ae4d741342e58a7947d0,-460.38522897,-460.40097343,-460.38277349,0.0,-0.01819994,-460.385228974217,0.0024554842170232405,-0.01574445578302175
R-BTMA,water,r2SCAN-3c,bound_PFOA,04-01_Calculations.zip,01_Calculations/02_Extended_Monomer/water/02_Frequency/r2scan-3c/1_R4N+X-_freqGMr2/R4N+PFOA-_freqGMr2/R4N+PFOA-_freqGMr2.out,2ffefd66d051b814e9016bf86025cf7bd92cda9fb31736ad4399f908fc330f94,-2865.06924764,-2864.55518605,-2864.4250022,0.59138724,-0.13018384,-2865.069247636996,0.05285819699578864,0.514061586995922
R-BTMA,water,r2SCAN-3c,bound_Cl,04-01_Calculations.zip,01_Calculations/02_Extended_Monomer/water/02_Frequency/r2scan-3c/2_R4N+Cl-_freqGMr2/R4N+Cl-_freqGMr2.out,d7c86720bb193f7a3ac828bf1c55d450a42c843bac6906df8572c69c8414340f,-1372.33183382,-1371.89396724,-1371.80988904,0.49318697,-0.08407821,-1372.331833815702,0.028757805702195327,0.4378665757021736
R-BTMA,water,r2SCAN-3c,free_PFOA,04-01_Calculations.zip,01_Calculations/02_Extended_Monomer/water/02_Frequency/r2scan-3c/3_X-_freqGMr2/PFOA_freqGMr2/PFOA_freqGMr2.out,8e18c1a51f296040a3ce212e38183bb85a6c6945baffba6513fc015d7397bf61,-1953.06797286,-1953.02302217,-1952.94528558,0.09719801,-0.0777366,-1953.067972855685,0.025489265684938867,0.04495068568485294
R-BTMA,water,r2SCAN-3c,free_Cl,04-01_Calculations.zip,01_Calculations/02_Extended_Monomer/water/02_Frequency/r2scan-3c/4_Cl-_freqGMr2/Cl-_ext.out,4d8cda60ec760cdaaa3ce2bcefa97e3354f49c5df6e855d47a052b430c12cf7f,-460.34540507,-460.36114952,-460.34294958,0.0,-0.01819994,-460.345405067028,0.00245548702804399,-0.015744452972001
R-BTMA,water,wB97X-D3,bound_FHEA,04-01_Calculations.zip,01_Calculations/02_Extended_Monomer/water/02_Frequency/wb97x-d3/1_R4N+X-_freqGMwb/R4N+FHEA-_freqGMwb/R4N+FHEA-_freqGMwb.out,733ec7fd1ffa40ea24c3274b1d489457b1d52ae63b1e38356e39f76d32adeec2,-2667.27765098,-2666.7369246,-2666.6094749,0.61729722,-0.1274497,-2667.277650979505,0.05087885950497406,0.5407263795050312
R-BTMA,water,wB97X-D3,bound_PFHxA,04-01_Calculations.zip,01_Calculations/02_Extended_Monomer/water/02_Frequency/wb97x-d3/1_R4N+X-_freqGMwb/R4N+PFHxA-_freqGMwb/R4N+PFHxA-_freqGMwb.out,155046d25ba6e3d5627a4a894a11afd44ffb21a35f7d0ea680e914e0eceb5b2d,-2390.12733363,-2389.62375647,-2389.50448108,0.57618757,-0.11927539,-2390.127333629396,0.04666497939615699,0.5035771593961726
R-BTMA,water,wB97X-D3,bound_PFOA,04-01_Calculations.zip,01_Calculations/02_Extended_Monomer/water/02_Frequency/wb97x-d3/1_R4N+X-_freqGMwb/R4N+PFOA-_freqGMwb/R4N+PFOA-_freqGMwb.out,c8c459bf1d186518e6c1560973b31fc7212b5605f7ab0026c1e332382577e219,-2865.79189933,-2865.26946538,-2865.1385342,0.60063617,-0.13093118,-2865.791899333968,0.05272896396823645,0.522433953968175
R-BTMA,water,wB97X-D3,bound_PFOS,04-01_Calculations.zip,01_Calculations/02_Extended_Monomer/water/02_Frequency/wb97x-d3/1_R4N+X-_freqGMwb/R4N+PFOS-_freqGMwb/R4N+PFOS-_freqGMwb.out,0d5ca37eab81395572c65c4e6e960239d581465926b6cc9254da731a2761a071,-3538.94416457,-3538.4092408,-3538.27341687,0.6150446,-0.13582393,-3538.944164571592,0.05570310159206304,0.5349237715918207
R-BTMA,water,wB97X-D3,bound_Cl,04-01_Calculations.zip,01_Calculations/02_Extended_Monomer/water/02_Frequency/wb97x-d3/2_R4N+Cl-_freqGMwb/R4N+Cl-_freqGMwb.out,33e9edcd86b17f5f67a465cbf8d135cffabc62c6f7201353cd1b45cd4907a354,-1372.71316037,-1372.26934478,-1372.18464294,0.49977076,-0.08470184,-1372.713160371018,0.02874667101791728,0.44381559101793755
R-BTMA,water,wB97X-D3,free_FHEA,04-01_Calculations.zip,01_Calculations/02_Extended_Monomer/water/02_Frequency/wb97x-d3/3_X-_freqGMwb/FHEA_freqGMwb/FHEA_freqGMwbr2.out,ca6b0f877d70fa1f910ddcc224a4460b9d91860cf73ab00e79ebae2ee8829066,-1754.9388775,-1754.87158616,-1754.79848572,0.11710631,-0.07310044,-1754.938877499405,0.023285469405035772,0.06729133940484644
R-BTMA,water,wB97X-D3,free_PFHxA,04-01_Calculations.zip,01_Calculations/02_Extended_Monomer/water/02_Frequency/wb97x-d3/3_X-_freqGMwb/PFHxA_freqGMwb/PFHxA_freqGMwb.out,197fc99d1a10c9172d29af76d3f3eef8401cc5746de7571dca821d44e7ca9a20,-1477.78812995,-1477.75805868,-1477.69326227,0.07571627,-0.06479641,-1477.788129952896,0.01915141289593783,0.030071272896066148
R-BTMA,water,wB97X-D3,free_PFOA,04-01_Calculations.zip,01_Calculations/02_Extended_Monomer/water/02_Frequency/wb97x-d3/3_X-_freqGMwb/PFOA_freqGMwb/PFOA_freqGMwb.out,0e942998ea8f361c13bfb02159c6274754e9221176c715f1ad1b5ad54184f714,-1953.44876099,-1953.40037072,-1953.3231764,0.10038305,-0.07719432,-1953.448760992937,0.025201542937002525,0.048390272937012924
R-BTMA,water,wB97X-D3,free_PFOS,04-01_Calculations.zip,01_Calculations/02_Extended_Monomer/water/02_Frequency/wb97x-d3/3_X-_freqGMwb/PFOS_freqGMwb/PFOS_freqGMwbr2.out,cda4589e281fd4fa20c6fb01dd2a49e87c3e70e6d7edaa4aac3c71ea1054b0e0,-2626.60170243,-2626.54253473,-2626.45788472,0.11467273,-0.08465,-2626.60170242583,0.029144975829860642,0.05916769582972847
R-BTMA,1-octanol,wB97X-D3,bound_PFOA,07-PFOA_octanol_results_20260926.zip,00-2-octanol_redo/02_Frequency/wb97x-d3/1_R4N+X-_freqGMwb/R4N+PFOA-_freqGMwb/1/R4N+PFOA-_freqGMwb.out,0d3df47405b26134f5d7a9751f02b6bc1807874ae483e022785551b13ff1da85,-2865.80558003,-2865.28317784,-2865.15209434,0.60078681,-0.1310835,-2865.805580031053,0.052698881052992474,0.522402191053061
R-BTMA,1-octanol,wB97X-D3,bound_Cl,07-PFOA_octanol_results_20260926.zip,00-2-octanol_redo/02_Frequency/wb97x-d3/2_R4N+Cl-_freqGMwb/1/R4N+Cl-_freqGMwb.out,f2e4436c3bf7b1d30b9636f91e44f1923dca2416750d2b7c99f9624d670dfa07,-1372.72715812,-1372.2834657,-1372.19874066,0.49968849,-0.08472504,-1372.72715811557,0.028728965569979226,0.4436924155700126
