model,solvent,method,PFAS,original_DeltaE_kcal_mol,original_DeltaG_kcal_mol,common_DeltaE_kcal_mol,common_DeltaG_kcal_mol
BTMA,water,r2SCAN-3c,6:2 FTCA,-1.0733844858639712,5.992037766637695,-1.0733844858639712,5.992037766637695
BTMA,water,r2SCAN-3c,PFHxA,-2.687975989159849,4.515507974119899,-2.687975989159849,4.515507974119899
BTMA,water,r2SCAN-3c,PFOA,-1.9544867884277444,5.912180910976897,-1.0318409278657459,7.358358070057838
BTMA,water,r2SCAN-3c,PFOS,-1.04078310854542,6.256388682645123,-1.04078310854542,6.256388682645123
BTMA,water,wB97X-D3,6:2 FTCA,0.17857897586430851,5.580717856277524,-3.1297438311337054,2.0710699184812347
BTMA,water,wB97X-D3,PFHxA,-1.7573050473106888,4.5434572460769385,-2.0435866614425082,4.53251975590068
BTMA,water,wB97X-D3,PFOA,-1.0482346184238442,5.729588203989971,0.8237123209124209,8.07385692216097
BTMA,water,wB97X-D3,PFOS,-0.06280654348649041,6.028878847547062,-0.4590016591347714,5.72848378743837
R-BTMA,water,r2SCAN-3c,PFOA,-9.316026130938821,0.4102907945058081,-9.316026130938821,0.4102907945058081
R-BTMA,water,wB97X-D3,6:2 FTCA,-6.803509988017407,1.9031797589330988,-6.803509988017407,1.9031797589330988
R-BTMA,water,wB97X-D3,PFHxA,-7.0734623048251555,1.6776842292750218,-7.0734623048251555,1.6776842292750218
R-BTMA,water,wB97X-D3,PFOA,-9.542501575049522,-0.45388387764655413,-9.542501575049522,-0.45388387764655413
R-BTMA,water,wB97X-D3,PFOS,-9.118182637428175,1.044978976861112,-9.118182637428175,1.044978976861112
R-BTMA,1-octanol,wB97X-D3,PFOA,-9.343551285670012,-0.19757135788589025,-9.343551285670012,-0.19757135788589025
