frame,nearest_carboxylate_O_to_any_resin_N_A,nearest_carboxylate_O_name,nearest_resin_N_serial,nearest_resin_N_name,pfoa_tail_resin_heavy_contacts_4A,chlorides_within_5A_of_nearest_N,chlorides_within_7A_of_nearest_N,chlorides_within_10A_of_nearest_N
1,4.7998,O,144,N6,19,0,1,1
2,4.0363,O1,188,N10,19,1,1,1
3,3.8594,O1,188,N10,19,0,0,1
4,4.1553,O,144,N6,14,1,1,1
5,4.3869,O,188,N10,15,0,0,1
6,4.1529,O,188,N10,14,0,0,1
7,4.4810,O,188,N10,18,0,0,1
8,5.0183,O,188,N10,19,0,0,1
9,5.4013,O1,144,N6,22,0,1,3
10,4.6958,O1,155,N7,13,0,0,0
11,4.6688,O1,155,N7,17,0,0,0
12,4.4629,O1,155,N7,20,0,0,1
13,3.7225,O,188,N10,19,0,1,1
14,4.1831,O,188,N10,16,0,1,1
15,6.0418,O,188,N10,15,0,0,1
16,4.8960,O,188,N10,16,0,0,1
17,4.5656,O1,155,N7,20,1,1,1
18,4.9584,O1,155,N7,20,0,1,1
19,4.1237,O1,155,N7,26,0,0,1
20,4.4745,O1,155,N7,21,0,0,1
21,5.2311,O1,155,N7,23,0,0,1
22,5.2686,O1,155,N7,18,0,0,1
23,6.2167,O,596,N40,20,0,0,2
24,4.8905,O,596,N40,19,0,0,2
25,5.1751,O1,155,N7,20,1,1,1
26,5.9547,O1,155,N7,21,0,1,1
27,4.3446,O1,155,N7,20,0,0,1
28,4.7347,O,596,N40,23,0,0,0
29,4.7863,O1,155,N7,20,0,0,0
30,4.4851,O1,188,N10,21,0,0,0
31,6.0258,O,188,N10,22,0,0,0
32,4.5230,O,199,N11,18,1,2,2
33,4.1668,O,199,N11,19,0,0,2
34,4.6090,O1,155,N7,17,0,0,0
35,5.7619,O1,188,N10,19,0,0,0
36,4.5031,O1,155,N7,19,0,0,0
37,5.0168,O,199,N11,13,0,0,0
38,5.9694,O,188,N10,13,0,0,0
39,4.8728,O1,188,N10,17,0,0,0
40,3.8822,O1,155,N7,13,0,0,0
41,4.3992,O1,155,N7,15,0,0,0
42,4.4804,O,155,N7,17,0,0,0
43,3.7591,O,155,N7,13,0,0,0
44,4.0274,O1,199,N11,12,0,0,1
45,4.4317,O1,199,N11,20,0,0,0
46,3.9443,O1,199,N11,18,0,0,0
47,3.7179,O1,199,N11,19,0,0,0
48,3.8006,O1,199,N11,12,0,0,1
49,3.6374,O1,199,N11,23,0,0,0
50,5.3150,O,155,N7,21,0,0,0
51,6.1790,O,155,N7,16,0,0,1
52,5.1046,O,155,N7,19,0,0,1
53,5.4371,O,155,N7,16,0,0,0
54,5.5787,O,155,N7,17,0,0,0
55,5.2960,O,188,N10,21,0,0,0
56,3.7032,O1,155,N7,16,0,0,1
57,4.3770,O1,155,N7,16,0,0,1
58,4.5887,O,155,N7,18,0,0,1
59,5.5588,O1,199,N11,21,0,0,1
60,3.9910,O1,155,N7,17,0,0,2
61,3.9990,O1,155,N7,16,0,0,2
62,4.6917,O1,199,N11,17,0,0,0
63,4.5206,O1,199,N11,21,0,0,0
64,4.0145,O1,199,N11,14,0,0,0
65,4.4886,O,155,N7,21,0,0,0
66,5.2436,O1,155,N7,20,0,0,0
67,4.6878,O1,199,N11,13,0,0,1
68,4.6602,O1,199,N11,19,0,1,1
69,4.6062,O1,155,N7,19,0,0,0
70,4.3168,O1,155,N7,18,0,0,0
71,4.2777,O1,155,N7,18,0,0,0
72,4.8874,O1,155,N7,24,0,0,0
73,3.6616,O1,155,N7,26,0,0,0
74,4.4550,O1,155,N7,24,0,0,0
75,5.0783,O1,155,N7,20,0,0,0
76,4.5999,O,155,N7,10,0,0,0
77,3.9096,O1,155,N7,20,0,0,0
78,4.4224,O1,155,N7,25,1,1,1
79,5.7276,O1,199,N11,18,0,0,1
80,4.4495,O,188,N10,16,0,0,1
81,5.3898,O1,199,N11,20,0,0,2
82,3.6562,O1,199,N11,17,0,0,1
83,4.5379,O,155,N7,17,0,0,1
84,4.6697,O,155,N7,17,0,1,1
85,5.1384,O1,199,N11,22,0,0,1
86,3.6107,O,155,N7,19,0,1,1
87,4.1134,O1,155,N7,21,0,1,1
88,4.2929,O1,155,N7,19,0,1,1
89,4.7199,O1,155,N7,20,0,1,1
90,4.3423,O1,155,N7,27,1,1,1
91,4.4853,O1,155,N7,18,0,0,2
92,4.3643,O1,155,N7,18,1,1,2
93,4.1976,O1,155,N7,22,0,0,2
94,4.9813,O,155,N7,10,1,1,2
95,4.3479,O1,155,N7,26,0,0,2
96,4.4938,O1,199,N11,21,0,1,3
97,4.1281,O,199,N11,18,0,1,3
98,5.3612,O,155,N7,23,0,1,2
99,5.3336,O,199,N11,20,0,1,2
100,5.4048,O,155,N7,17,0,1,1
