replica,block_ns,metric,mean,sd
replica_01,1,rmsd,3.0366473999999997,1.1054234721947052
replica_01,2,rmsd,5.082637999999999,0.6695860436536228
replica_01,3,rmsd,4.864951000000001,0.4409043677511077
replica_01,4,rmsd,4.2459234,0.46278992004215613
replica_01,5,rmsd,4.601803,0.2965440660293077
replica_01,6,rmsd,5.3672842,0.480532844621343
replica_01,7,rmsd,4.97511,0.2853943571589957
replica_01,8,rmsd,4.8816016,0.4038127597877199
replica_01,9,rmsd,4.749562599999999,0.2933206633094378
replica_01,10,rmsd,5.0432968,0.2968132487592797
replica_01,1,rg,9.581197,0.17659649150712264
replica_01,2,rg,9.3502428,0.23883981460854573
replica_01,3,rg,9.4636382,0.1782034408574281
replica_01,4,rg,9.3980396,0.2783923336853038
replica_01,5,rg,9.308011,0.21040894855081735
replica_01,6,rg,8.9012838,0.24988554517806325
replica_01,7,rg,9.338468,0.21520770955638419
replica_01,8,rg,9.2669966,0.15631083059071726
replica_01,9,rg,9.322750599999999,0.17875255043835436
replica_01,10,rg,9.418598600000001,0.16817061172313869
replica_01,1,end_to_end,23.3498074,2.099680865865621
replica_01,2,end_to_end,23.6649598,1.794570914189816
replica_01,3,end_to_end,26.507243000000003,1.2947625982018498
replica_01,4,end_to_end,26.4599216,2.0029678447412915
replica_01,5,end_to_end,24.720509200000002,1.643742042804139
replica_01,6,end_to_end,20.8797708,2.5213865394639794
replica_01,7,end_to_end,24.9468952,1.7195009398488976
replica_01,8,end_to_end,24.9382922,1.1056774115971586
replica_01,9,end_to_end,25.723683400000002,1.1004571491059871
replica_01,10,end_to_end,25.949313199999995,1.0250811209826027
replica_01,1,head_selected,8.14075,1.4097186274989186
replica_01,2,head_selected,6.930938,1.570446580779545
replica_01,3,head_selected,7.679806,1.483804994899862
replica_01,4,head_selected,8.457436,2.3408403167839884
replica_01,5,head_selected,9.279512,2.4551861697460384
replica_01,6,head_selected,8.903220000000001,1.2109152998152486
replica_01,7,head_selected,8.548108000000001,2.0386786312361536
replica_01,8,head_selected,6.333874,1.3037262697732963
replica_01,9,head_selected,9.683722,4.132999483932266
replica_01,10,head_selected,13.256967999999999,3.166940663370031
replica_01,1,head_any,5.176436,0.8135579703045703
replica_01,2,head_any,5.15975,0.88177469726312
replica_01,3,head_any,5.258287999999999,0.9729216979370094
replica_01,4,head_any,5.349906000000001,0.8701966154053495
replica_01,5,head_any,5.442799999999999,0.8073113396939231
replica_01,6,head_any,5.3018,0.9242159088071273
replica_01,7,head_any,5.079823999999999,0.9887385503082862
replica_01,8,head_any,4.98775,0.7885378210907713
replica_01,9,head_any,4.9051800000000005,0.9355378997795053
replica_01,10,head_any,4.98624,1.0033160681785829
replica_01,1,pfoa_polymer,2.975072,0.12386471552263383
replica_01,2,pfoa_polymer,2.9458779999999996,0.11537744591579459
replica_01,3,pfoa_polymer,2.962454,0.12446011620213965
replica_01,4,pfoa_polymer,2.98415,0.12394995232497157
replica_01,5,pfoa_polymer,2.985434,0.12600452342613616
replica_01,6,pfoa_polymer,2.990978,0.13269488830684295
replica_01,7,pfoa_polymer,3.068162,0.15207351005655734
replica_01,8,pfoa_polymer,3.0004519999999997,0.12697778708429935
replica_01,9,pfoa_polymer,3.0589459999999997,0.15677990611658066
replica_01,10,pfoa_polymer,3.086926,0.16955384258420728
replica_01,1,polymer_image,29.055984799999997,1.972823438508377
replica_01,2,polymer_image,30.814211600000004,1.5563063130713217
replica_01,3,polymer_image,30.203594799999998,1.5425398197661182
replica_01,4,polymer_image,29.5020372,2.106451632831639
replica_01,5,polymer_image,28.1096096,3.3583082800534543
replica_01,6,polymer_image,27.739091000000002,1.761978488451699
replica_01,7,polymer_image,27.366359,2.758072408876208
replica_01,8,polymer_image,29.5027494,2.047364660652082
replica_01,9,polymer_image,31.455812599999998,1.328239953113644
replica_01,10,polymer_image,28.9573704,2.3964532308432553
replica_01,1,pfoa_image,44.565845,1.6974879485598748
replica_01,2,pfoa_image,46.0139626,0.5092103126471934
replica_01,3,pfoa_image,45.8993896,1.1125132272532616
replica_01,4,pfoa_image,46.422247000000006,1.1641002411622239
replica_01,5,pfoa_image,46.5711302,0.7818204121802932
replica_01,6,pfoa_image,45.6414562,1.1166343880136187
replica_01,7,pfoa_image,45.149108600000005,1.1287016694340477
replica_01,8,pfoa_image,46.28631980000001,0.7248199361134703
replica_01,9,pfoa_image,45.027094000000005,1.6972586813408186
replica_01,10,pfoa_image,44.670293,1.9110400049428544
replica_01,1,tail_contacts,16.336,2.961189166967408
replica_01,2,tail_contacts,18.042,3.080782114475762
replica_01,3,tail_contacts,17.878,2.9908202908272585
replica_01,4,tail_contacts,18.116,3.174697056855286
replica_01,5,tail_contacts,18.502,3.685806062812493
replica_01,6,tail_contacts,17.342,3.2677810186074496
replica_01,7,tail_contacts,13.206,3.106584254685993
replica_01,8,tail_contacts,19.942,3.768692357326124
replica_01,9,tail_contacts,13.488,5.529829475495254
replica_01,10,tail_contacts,9.86,3.6269421581874823
replica_01,1,tail_waters,38.924,3.9589861255483796
replica_01,2,tail_waters,39.256,3.08893947726212
replica_01,3,tail_waters,39.366,3.4808442299399456
replica_01,4,tail_waters,34.652,4.721809713864791
replica_01,5,tail_waters,34.612,4.831992581183172
replica_01,6,tail_waters,35.762,4.689278693929236
replica_01,7,tail_waters,37.868,3.792009318203039
replica_01,8,tail_waters,31.172,2.951582572004164
replica_01,9,tail_waters,38.58,7.519620294852494
replica_01,10,tail_waters,43.862,6.020918444708886
replica_02,1,rmsd,2.326416,0.5508196973438441
replica_02,2,rmsd,2.51906,0.390275311591286
replica_02,3,rmsd,3.6405748000000004,0.9645405894322356
replica_02,4,rmsd,4.5215112,0.7842606133000097
replica_02,5,rmsd,5.1070823999999995,0.44140081509822654
replica_02,6,rmsd,4.7590684,0.4101458415052481
replica_02,7,rmsd,4.0951474,0.3713709115711169
replica_02,8,rmsd,3.5076002,0.43686435701808596
replica_02,9,rmsd,3.6639282000000004,0.34189628158182556
replica_02,10,rmsd,3.9025642,0.4259728965033702
replica_02,1,rg,9.607657,0.16023463235459315
replica_02,2,rg,9.5852518,0.18435243240985694
replica_02,3,rg,9.298561000000001,0.30942500157906505
replica_02,4,rg,9.155755800000001,0.19485412134098454
replica_02,5,rg,9.1904848,0.1847390500196543
replica_02,6,rg,9.0716936,0.17512309051837058
replica_02,7,rg,9.319966200000001,0.16879774202573314
replica_02,8,rg,9.400238799999999,0.15435600930893345
replica_02,9,rg,9.365572199999999,0.14513558531044965
replica_02,10,rg,9.119898,0.24719770842404712
replica_02,1,end_to_end,23.8988782,1.2301550490870445
replica_02,2,end_to_end,24.656335,1.493074688233743
replica_02,3,end_to_end,24.0236446,1.6694273192503344
replica_02,4,end_to_end,23.991574,1.201461570410951
replica_02,5,end_to_end,23.574797599999997,1.108929437280829
replica_02,6,end_to_end,21.9569058,1.481866577507377
replica_02,7,end_to_end,23.755218399999997,1.399476466018389
replica_02,8,end_to_end,23.9376116,1.4331808864382556
replica_02,9,end_to_end,24.362784,1.0638874440518706
replica_02,10,end_to_end,22.998337199999998,1.9493182490934253
replica_02,1,head_selected,10.335130000000001,2.1681218272078784
replica_02,2,head_selected,7.765991999999999,2.2042653877733214
replica_02,3,head_selected,7.815296,2.580792381229848
replica_02,4,head_selected,6.330576,1.730249708085124
replica_02,5,head_selected,7.395334,2.2309850414007504
replica_02,6,head_selected,9.611034,3.3650485995001613
replica_02,7,head_selected,13.372262000000001,2.069938302101058
replica_02,8,head_selected,16.30278,1.8697201647811306
replica_02,9,head_selected,18.95007,1.9719148016763146
replica_02,10,head_selected,13.69875,2.334404747800412
replica_02,1,head_any,5.477406,0.9324292583395349
replica_02,2,head_any,5.350058,0.8508383503538529
replica_02,3,head_any,4.968049999999999,0.7986010560934584
replica_02,4,head_any,5.112064,0.8458247779617408
replica_02,5,head_any,4.913656,0.7710862556753185
replica_02,6,head_any,5.287216,0.9862118722962708
replica_02,7,head_any,5.2148460000000005,0.8523614811058428
replica_02,8,head_any,5.452255999999999,0.9343156007193154
replica_02,9,head_any,4.83408,0.7185797599033008
replica_02,10,head_any,4.8751880000000005,0.7314846164782199
replica_02,1,pfoa_polymer,2.979294,0.13121273233285138
replica_02,2,pfoa_polymer,2.9637179999999996,0.11316941773385793
replica_02,3,pfoa_polymer,3.020864,0.14380990258031717
replica_02,4,pfoa_polymer,2.9878780000000003,0.1285723329710215
replica_02,5,pfoa_polymer,2.9970340000000006,0.1301696936398199
replica_02,6,pfoa_polymer,3.0473959999999995,0.1455821951169515
replica_02,7,pfoa_polymer,3.05767,0.15445311466350722
replica_02,8,pfoa_polymer,3.024876,0.14017422820370729
replica_02,9,pfoa_polymer,3.018174,0.13547629821764956
replica_02,10,pfoa_polymer,3.038438,0.1474832219525836
replica_02,1,polymer_image,26.985841,2.2695957408915683
replica_02,2,polymer_image,25.7621024,3.193443219828839
replica_02,3,polymer_image,25.8734404,3.144762668732435
replica_02,4,polymer_image,28.706662599999994,2.0816805095568767
replica_02,5,polymer_image,27.9475582,1.834373342040474
replica_02,6,polymer_image,30.5051268,1.7941451572635991
replica_02,7,polymer_image,28.811763999999997,3.045305804912681
replica_02,8,polymer_image,27.261578200000002,3.3358800329648286
replica_02,9,polymer_image,27.871487999999996,3.082606059848782
replica_02,10,polymer_image,30.5302336,2.2533034516285824
replica_02,1,pfoa_image,44.3201932,1.6551107710732855
replica_02,2,pfoa_image,45.935047600000004,1.2446251893393918
replica_02,3,pfoa_image,45.4426226,1.3324719316091775
replica_02,4,pfoa_image,46.1471648,0.7767913631372644
replica_02,5,pfoa_image,44.013973400000005,1.4604609099772523
replica_02,6,pfoa_image,44.9136308,1.6409080827283673
replica_02,7,pfoa_image,46.29113620000001,1.0219913311920132
replica_02,8,pfoa_image,45.3651822,1.4748796500961343
replica_02,9,pfoa_image,46.619241599999995,1.1647821940210354
replica_02,10,pfoa_image,45.719388599999995,1.2534234197702294
replica_02,1,tail_contacts,14.976,2.776840955363264
replica_02,2,tail_contacts,16.2,2.821332989861239
replica_02,3,tail_contacts,17.0,5.227490153660093
replica_02,4,tail_contacts,18.02,4.650899023140246
replica_02,5,tail_contacts,17.714,4.610283443222738
replica_02,6,tail_contacts,13.644,3.5556362437960933
replica_02,7,tail_contacts,13.942,3.718910672923776
replica_02,8,tail_contacts,14.136,3.339432229471121
replica_02,9,tail_contacts,14.186,3.252161913901037
replica_02,10,tail_contacts,15.102,3.5123024552384643
replica_02,1,tail_waters,39.88,3.400106092886775
replica_02,2,tail_waters,39.62,3.6702235738663562
replica_02,3,tail_waters,33.264,5.4840179527251385
replica_02,4,tail_waters,34.164,5.9102424596511876
replica_02,5,tail_waters,32.09,3.932025132585825
replica_02,6,tail_waters,37.698,4.474241127536006
replica_02,7,tail_waters,37.36,3.878205894730687
replica_02,8,tail_waters,37.03,3.0251285601790916
replica_02,9,tail_waters,36.96,3.5569233062878416
replica_02,10,tail_waters,32.506,3.381839392305717
replica_03,1,rmsd,4.540437600000001,1.1116747142247743
replica_03,2,rmsd,5.1534356,0.34803502612734677
replica_03,3,rmsd,4.3669732,0.4902397871036978
replica_03,4,rmsd,3.9711228000000003,0.4142900275096516
replica_03,5,rmsd,3.3520724,0.30754367550467665
replica_03,6,rmsd,4.3264629999999995,0.36404300073448403
replica_03,7,rmsd,3.9381874,0.2983316152985017
replica_03,8,rmsd,2.9822851999999997,0.8518075399473654
replica_03,9,rmsd,3.4867000000000004,0.5855290600134553
replica_03,10,rmsd,4.3751464,0.26488045491850787
replica_03,1,rg,9.461221799999999,0.21423307009283793
replica_03,2,rg,9.305607400000001,0.15911378909762033
replica_03,3,rg,9.255211800000001,0.15449595996027887
replica_03,4,rg,9.314168599999999,0.18188770113916827
replica_03,5,rg,9.224145799999999,0.18351855361625652
replica_03,6,rg,9.367077400000001,0.14051668408503135
replica_03,7,rg,9.410445800000002,0.122743952837916
replica_03,8,rg,9.3550258,0.21532988476499448
replica_03,9,rg,9.249189999999999,0.22672622393812866
replica_03,10,rg,8.983577799999999,0.12838545625543352
replica_03,1,end_to_end,23.9003328,1.3812765105950375
replica_03,2,end_to_end,23.429296199999996,1.259960717349588
replica_03,3,end_to_end,24.1930238,1.1965307287584748
replica_03,4,end_to_end,25.456925199999997,1.0613310044500603
replica_03,5,end_to_end,25.0648476,0.8376044001774545
replica_03,6,end_to_end,24.0199644,1.2161334576378584
replica_03,7,end_to_end,25.280993600000002,1.0675743868142415
replica_03,8,end_to_end,23.8078546,2.3030549386107486
replica_03,9,end_to_end,18.7946374,1.4057762383273276
replica_03,10,end_to_end,18.3576558,1.3664452664922215
replica_03,1,head_selected,12.971804,1.757258421491787
replica_03,2,head_selected,9.982914000000001,2.231357254452544
replica_03,3,head_selected,8.562846,1.060349351760805
replica_03,4,head_selected,7.196334000000001,1.435453292431874
replica_03,5,head_selected,7.121612,1.3740103209875683
replica_03,6,head_selected,7.1257839999999995,1.350771407802324
replica_03,7,head_selected,5.724418,1.4047564602810705
replica_03,8,head_selected,7.819526,1.3379591573502811
replica_03,9,head_selected,7.808687999999999,1.1081669488977093
replica_03,10,head_selected,5.7739080000000005,1.303673834388394
replica_03,1,head_any,5.194834000000001,0.9776069891805137
replica_03,2,head_any,5.488392,1.0624718231963484
replica_03,3,head_any,5.6747939999999994,0.9330144111141551
replica_03,4,head_any,5.1099380000000005,0.8999688116150246
replica_03,5,head_any,4.71198,0.7392211735921624
replica_03,6,head_any,5.243879999999999,0.879746215910485
replica_03,7,head_any,4.65424,0.5759960218911837
replica_03,8,head_any,4.8814459999999995,0.693514250116195
replica_03,9,head_any,4.921294,0.8966771120367136
replica_03,10,head_any,4.665058000000001,0.6915230429087288
replica_03,1,pfoa_polymer,3.0096420000000004,0.13890238868776278
replica_03,2,pfoa_polymer,2.982488,0.12325380666622604
replica_03,3,pfoa_polymer,2.9752359999999998,0.11902621048140248
replica_03,4,pfoa_polymer,2.96246,0.12064580897173714
replica_03,5,pfoa_polymer,2.967452,0.12193759572216029
replica_03,6,pfoa_polymer,2.969402,0.12662451552469503
replica_03,7,pfoa_polymer,2.96525,0.12029264374965146
replica_03,8,pfoa_polymer,2.99061,0.1174604777261497
replica_03,9,pfoa_polymer,2.964718,0.11890112459880993
replica_03,10,pfoa_polymer,2.9488360000000005,0.108564162866564
replica_03,1,polymer_image,31.573971999999998,1.9273315771377961
replica_03,2,polymer_image,27.057189599999997,2.770697913614701
replica_03,3,polymer_image,28.6536354,1.8864193492140122
replica_03,4,polymer_image,30.781532199999997,2.4488294173612477
replica_03,5,polymer_image,31.6564138,1.5441306368428915
replica_03,6,polymer_image,29.2807474,2.2095166226268965
replica_03,7,polymer_image,30.129296399999998,2.536745299231554
replica_03,8,polymer_image,30.551891000000005,2.9571867265308325
replica_03,9,polymer_image,30.736184200000004,1.8950457356831847
replica_03,10,polymer_image,31.9841872,2.0287391429299806
replica_03,1,pfoa_image,43.8217906,1.3246638770896457
replica_03,2,pfoa_image,43.405349199999996,1.7109921807959407
replica_03,3,pfoa_image,45.109079799999996,1.2780520579920975
replica_03,4,pfoa_image,46.0064412,1.0872958977763147
replica_03,5,pfoa_image,44.1177932,1.463306406776786
replica_03,6,pfoa_image,46.620591,0.9250332228334783
replica_03,7,pfoa_image,42.992499800000004,1.4638680261745156
replica_03,8,pfoa_image,46.278815200000004,0.6903337068857969
replica_03,9,pfoa_image,46.2961388,0.7555111296789065
replica_03,10,pfoa_image,46.3949954,0.8537644547574316
replica_03,1,tail_contacts,15.038,3.3260609379152166
replica_03,2,tail_contacts,15.742,3.0281637259405585
replica_03,3,tail_contacts,16.492,2.732924028855356
replica_03,4,tail_contacts,20.402,4.2961972279264
replica_03,5,tail_contacts,18.61,3.636529760278993
replica_03,6,tail_contacts,16.27,2.488671728844103
replica_03,7,tail_contacts,17.026,3.4305774620968545
replica_03,8,tail_contacts,18.154,2.8932725506084296
replica_03,9,tail_contacts,17.858,3.10307817954636
replica_03,10,tail_contacts,24.488,4.448531765621044
replica_03,1,tail_waters,37.882,5.173161431696946
replica_03,2,tail_waters,39.316,2.9184205243099264
replica_03,3,tail_waters,38.88,2.974440214423271
replica_03,4,tail_waters,34.126,4.518734548947049
replica_03,5,tail_waters,35.126,3.7080484417673114
replica_03,6,tail_waters,39.972,3.167219373064365
replica_03,7,tail_waters,37.834,3.23842845183823
replica_03,8,tail_waters,33.464,2.8574523737301853
replica_03,9,tail_waters,36.52,4.889725844837863
replica_03,10,tail_waters,29.14,3.0579571946658795
