replica,block_ns,fraction_head_anyN_below_5A
replica_01,1,0.514
replica_01,2,0.538
replica_01,3,0.44
replica_01,4,0.41
replica_01,5,0.322
replica_01,6,0.462
replica_01,7,0.55
replica_01,8,0.552
replica_01,9,0.618
replica_01,10,0.568
replica_02,1,0.37
replica_02,2,0.376
replica_02,3,0.65
replica_02,4,0.566
replica_02,5,0.632
replica_02,6,0.428
replica_02,7,0.496
replica_02,8,0.364
replica_02,9,0.654
replica_02,10,0.628
replica_03,1,0.504
replica_03,2,0.388
replica_03,3,0.286
replica_03,4,0.566
replica_03,5,0.778
replica_03,6,0.418
replica_03,7,0.766
replica_03,8,0.684
replica_03,9,0.626
replica_03,10,0.778
