replica,metric,bin_index,window_start_ns,window_end_ns,time_mid_ns,first_frame,last_frame,n_frames,mean
replica_01,rmsd,1,0.0,0.25,0.125,1,125,125,2.1018944
replica_01,rg,1,0.0,0.25,0.125,1,125,125,9.6180832
replica_01,head_any,1,0.0,0.25,0.125,1,125,125,4.547176
replica_01,tail_contacts,1,0.0,0.25,0.125,1,125,125,17.76
replica_01,tail_waters,1,0.0,0.25,0.125,1,125,125,34.76
replica_01,head_contact_fraction,1,0.0,0.25,0.125,1,125,125,0.864
replica_01,rmsd,2,0.25,0.5,0.375,126,250,125,2.626688
replica_01,rg,2,0.25,0.5,0.375,126,250,125,9.590952799999998
replica_01,head_any,2,0.25,0.5,0.375,126,250,125,5.261824
replica_01,tail_contacts,2,0.25,0.5,0.375,126,250,125,15.968
replica_01,tail_waters,2,0.25,0.5,0.375,126,250,125,39.928
replica_01,head_contact_fraction,2,0.25,0.5,0.375,126,250,125,0.416
replica_01,rmsd,3,0.5,0.75,0.625,251,375,125,2.8286552
replica_01,rg,3,0.5,0.75,0.625,251,375,125,9.5260344
replica_01,head_any,3,0.5,0.75,0.625,251,375,125,5.454816
replica_01,tail_contacts,3,0.5,0.75,0.625,251,375,125,15.536
replica_01,tail_waters,3,0.5,0.75,0.625,251,375,125,40.528
replica_01,head_contact_fraction,3,0.5,0.75,0.625,251,375,125,0.432
replica_01,rmsd,4,0.75,1.0,0.875,376,500,125,4.589352
replica_01,rg,4,0.75,1.0,0.875,376,500,125,9.5897176
replica_01,head_any,4,0.75,1.0,0.875,376,500,125,5.441928
replica_01,tail_contacts,4,0.75,1.0,0.875,376,500,125,16.08
replica_01,tail_waters,4,0.75,1.0,0.875,376,500,125,40.48
replica_01,head_contact_fraction,4,0.75,1.0,0.875,376,500,125,0.344
replica_01,rmsd,5,1.0,1.25,1.125,501,625,125,4.7268824
replica_01,rg,5,1.0,1.25,1.125,501,625,125,9.542
replica_01,head_any,5,1.0,1.25,1.125,501,625,125,5.491768
replica_01,tail_contacts,5,1.0,1.25,1.125,501,625,125,16.392
replica_01,tail_waters,5,1.0,1.25,1.125,501,625,125,39.088
replica_01,head_contact_fraction,5,1.0,1.25,1.125,501,625,125,0.4
replica_01,rmsd,6,1.25,1.5,1.375,626,750,125,4.5192632
replica_01,rg,6,1.25,1.5,1.375,626,750,125,9.4436944
replica_01,head_any,6,1.25,1.5,1.375,626,750,125,4.655048
replica_01,tail_contacts,6,1.25,1.5,1.375,626,750,125,17.576
replica_01,tail_waters,6,1.25,1.5,1.375,626,750,125,40.28
replica_01,head_contact_fraction,6,1.25,1.5,1.375,626,750,125,0.776
replica_01,rmsd,7,1.5,1.75,1.625,751,875,125,5.778796000000001
replica_01,rg,7,1.5,1.75,1.625,751,875,125,9.1527664
replica_01,head_any,7,1.5,1.75,1.625,751,875,125,4.722016
replica_01,tail_contacts,7,1.5,1.75,1.625,751,875,125,19.632
replica_01,tail_waters,7,1.5,1.75,1.625,751,875,125,38.4
replica_01,head_contact_fraction,7,1.5,1.75,1.625,751,875,125,0.768
replica_01,rmsd,8,1.75,2.0,1.875,876,1000,125,5.3056104
replica_01,rg,8,1.75,2.0,1.875,876,1000,125,9.2625104
replica_01,head_any,8,1.75,2.0,1.875,876,1000,125,5.770168
replica_01,tail_contacts,8,1.75,2.0,1.875,876,1000,125,18.568
replica_01,tail_waters,8,1.75,2.0,1.875,876,1000,125,39.256
replica_01,head_contact_fraction,8,1.75,2.0,1.875,876,1000,125,0.208
replica_01,rmsd,9,2.0,2.25,2.125,1001,1125,125,4.9522911999999994
replica_01,rg,9,2.0,2.25,2.125,1001,1125,125,9.2919264
replica_01,head_any,9,2.0,2.25,2.125,1001,1125,125,5.77984
replica_01,tail_contacts,9,2.0,2.25,2.125,1001,1125,125,19.064
replica_01,tail_waters,9,2.0,2.25,2.125,1001,1125,125,39.512
replica_01,head_contact_fraction,9,2.0,2.25,2.125,1001,1125,125,0.192
replica_01,rmsd,10,2.25,2.5,2.375,1126,1250,125,5.2803936
replica_01,rg,10,2.25,2.5,2.375,1126,1250,125,9.480872799999998
replica_01,head_any,10,2.25,2.5,2.375,1126,1250,125,4.812384
replica_01,tail_contacts,10,2.25,2.5,2.375,1126,1250,125,17.272
replica_01,tail_waters,10,2.25,2.5,2.375,1126,1250,125,41.176
replica_01,head_contact_fraction,10,2.25,2.5,2.375,1126,1250,125,0.64
replica_01,rmsd,11,2.5,2.75,2.625,1251,1375,125,4.9463016
replica_01,rg,11,2.5,2.75,2.625,1251,1375,125,9.529892
replica_01,head_any,11,2.5,2.75,2.625,1251,1375,125,4.99368
replica_01,tail_contacts,11,2.5,2.75,2.625,1251,1375,125,17.568
replica_01,tail_waters,11,2.5,2.75,2.625,1251,1375,125,39.48
replica_01,head_contact_fraction,11,2.5,2.75,2.625,1251,1375,125,0.568
replica_01,rmsd,12,2.75,3.0,2.875,1376,1500,125,4.280817600000001
replica_01,rg,12,2.75,3.0,2.875,1376,1500,125,9.5518616
replica_01,head_any,12,2.75,3.0,2.875,1376,1500,125,5.447247999999999
replica_01,tail_contacts,12,2.75,3.0,2.875,1376,1500,125,17.608
replica_01,tail_waters,12,2.75,3.0,2.875,1376,1500,125,37.296
replica_01,head_contact_fraction,12,2.75,3.0,2.875,1376,1500,125,0.36
replica_01,rmsd,13,3.0,3.25,3.125,1501,1625,125,4.4496928
replica_01,rg,13,3.0,3.25,3.125,1501,1625,125,9.5917704
replica_01,head_any,13,3.0,3.25,3.125,1501,1625,125,5.58224
replica_01,tail_contacts,13,3.0,3.25,3.125,1501,1625,125,16.048
replica_01,tail_waters,13,3.0,3.25,3.125,1501,1625,125,40.264
replica_01,head_contact_fraction,13,3.0,3.25,3.125,1501,1625,125,0.296
replica_01,rmsd,14,3.25,3.5,3.375,1626,1750,125,4.096298399999999
replica_01,rg,14,3.25,3.5,3.375,1626,1750,125,9.507476
replica_01,head_any,14,3.25,3.5,3.375,1626,1750,125,5.0608
replica_01,tail_contacts,14,3.25,3.5,3.375,1626,1750,125,18.264
replica_01,tail_waters,14,3.25,3.5,3.375,1626,1750,125,34.808
replica_01,head_contact_fraction,14,3.25,3.5,3.375,1626,1750,125,0.568
replica_01,rmsd,15,3.5,3.75,3.625,1751,1875,125,3.7170384
replica_01,rg,15,3.5,3.75,3.625,1751,1875,125,9.4231112
replica_01,head_any,15,3.5,3.75,3.625,1751,1875,125,5.052304
replica_01,tail_contacts,15,3.5,3.75,3.625,1751,1875,125,19.12
replica_01,tail_waters,15,3.5,3.75,3.625,1751,1875,125,32.88
replica_01,head_contact_fraction,15,3.5,3.75,3.625,1751,1875,125,0.576
replica_01,rmsd,16,3.75,4.0,3.875,1876,2000,125,4.720664
replica_01,rg,16,3.75,4.0,3.875,1876,2000,125,9.0698008
replica_01,head_any,16,3.75,4.0,3.875,1876,2000,125,5.70428
replica_01,tail_contacts,16,3.75,4.0,3.875,1876,2000,125,19.032
replica_01,tail_waters,16,3.75,4.0,3.875,1876,2000,125,30.656
replica_01,head_contact_fraction,16,3.75,4.0,3.875,1876,2000,125,0.2
replica_01,rmsd,17,4.0,4.25,4.125,2001,2125,125,4.587236
replica_01,rg,17,4.0,4.25,4.125,2001,2125,125,9.4864272
replica_01,head_any,17,4.0,4.25,4.125,2001,2125,125,5.606528
replica_01,tail_contacts,17,4.0,4.25,4.125,2001,2125,125,18.456
replica_01,tail_waters,17,4.0,4.25,4.125,2001,2125,125,30.36
replica_01,head_contact_fraction,17,4.0,4.25,4.125,2001,2125,125,0.24
replica_01,rmsd,18,4.25,4.5,4.375,2126,2250,125,4.4538824
replica_01,rg,18,4.25,4.5,4.375,2126,2250,125,9.3154376
replica_01,head_any,18,4.25,4.5,4.375,2126,2250,125,5.424856
replica_01,tail_contacts,18,4.25,4.5,4.375,2126,2250,125,18.096
replica_01,tail_waters,18,4.25,4.5,4.375,2126,2250,125,36.808
replica_01,head_contact_fraction,18,4.25,4.5,4.375,2126,2250,125,0.384
replica_01,rmsd,19,4.5,4.75,4.625,2251,2375,125,4.4714776
replica_01,rg,19,4.5,4.75,4.625,2251,2375,125,9.2306008
replica_01,head_any,19,4.5,4.75,4.625,2251,2375,125,5.46424
replica_01,tail_contacts,19,4.5,4.75,4.625,2251,2375,125,21.2
replica_01,tail_waters,19,4.5,4.75,4.625,2251,2375,125,33.712
replica_01,head_contact_fraction,19,4.5,4.75,4.625,2251,2375,125,0.248
replica_01,rmsd,20,4.75,5.0,4.875,2376,2500,125,4.894616
replica_01,rg,20,4.75,5.0,4.875,2376,2500,125,9.1995784
replica_01,head_any,20,4.75,5.0,4.875,2376,2500,125,5.275576
replica_01,tail_contacts,20,4.75,5.0,4.875,2376,2500,125,16.256
replica_01,tail_waters,20,4.75,5.0,4.875,2376,2500,125,37.568
replica_01,head_contact_fraction,20,4.75,5.0,4.875,2376,2500,125,0.416
replica_01,rmsd,21,5.0,5.25,5.125,2501,2625,125,4.9752808
replica_01,rg,21,5.0,5.25,5.125,2501,2625,125,9.0662664
replica_01,head_any,21,5.0,5.25,5.125,2501,2625,125,5.333384
replica_01,tail_contacts,21,5.0,5.25,5.125,2501,2625,125,16.968
replica_01,tail_waters,21,5.0,5.25,5.125,2501,2625,125,39.624
replica_01,head_contact_fraction,21,5.0,5.25,5.125,2501,2625,125,0.472
replica_01,rmsd,22,5.25,5.5,5.375,2626,2750,125,5.267024
replica_01,rg,22,5.25,5.5,5.375,2626,2750,125,9.0325816
replica_01,head_any,22,5.25,5.5,5.375,2626,2750,125,5.250287999999999
replica_01,tail_contacts,22,5.25,5.5,5.375,2626,2750,125,17.136
replica_01,tail_waters,22,5.25,5.5,5.375,2626,2750,125,38.696
replica_01,head_contact_fraction,22,5.25,5.5,5.375,2626,2750,125,0.568
replica_01,rmsd,23,5.5,5.75,5.625,2751,2875,125,5.2376888
replica_01,rg,23,5.5,5.75,5.625,2751,2875,125,8.8667024
replica_01,head_any,23,5.5,5.75,5.625,2751,2875,125,5.395296
replica_01,tail_contacts,23,5.5,5.75,5.625,2751,2875,125,18.24
replica_01,tail_waters,23,5.5,5.75,5.625,2751,2875,125,32.632
replica_01,head_contact_fraction,23,5.5,5.75,5.625,2751,2875,125,0.328
replica_01,rmsd,24,5.75,6.0,5.875,2876,3000,125,5.9891432
replica_01,rg,24,5.75,6.0,5.875,2876,3000,125,8.6395848
replica_01,head_any,24,5.75,6.0,5.875,2876,3000,125,5.228232
replica_01,tail_contacts,24,5.75,6.0,5.875,2876,3000,125,17.024
replica_01,tail_waters,24,5.75,6.0,5.875,2876,3000,125,32.096
replica_01,head_contact_fraction,24,5.75,6.0,5.875,2876,3000,125,0.48
replica_01,rmsd,25,6.0,6.25,6.125,3001,3125,125,5.080932799999999
replica_01,rg,25,6.0,6.25,6.125,3001,3125,125,9.213368000000001
replica_01,head_any,25,6.0,6.25,6.125,3001,3125,125,5.175856
replica_01,tail_contacts,25,6.0,6.25,6.125,3001,3125,125,13.08
replica_01,tail_waters,25,6.0,6.25,6.125,3001,3125,125,37.504
replica_01,head_contact_fraction,25,6.0,6.25,6.125,3001,3125,125,0.52
replica_01,rmsd,26,6.25,6.5,6.375,3126,3250,125,4.9664408
replica_01,rg,26,6.25,6.5,6.375,3126,3250,125,9.30998
replica_01,head_any,26,6.25,6.5,6.375,3126,3250,125,4.870856
replica_01,tail_contacts,26,6.25,6.5,6.375,3126,3250,125,13.456
replica_01,tail_waters,26,6.25,6.5,6.375,3126,3250,125,36.184
replica_01,head_contact_fraction,26,6.25,6.5,6.375,3126,3250,125,0.592
replica_01,rmsd,27,6.5,6.75,6.625,3251,3375,125,4.995496
replica_01,rg,27,6.5,6.75,6.625,3251,3375,125,9.4507336
replica_01,head_any,27,6.5,6.75,6.625,3251,3375,125,5.4128
replica_01,tail_contacts,27,6.5,6.75,6.625,3251,3375,125,13.168
replica_01,tail_waters,27,6.5,6.75,6.625,3251,3375,125,40.144
replica_01,head_contact_fraction,27,6.5,6.75,6.625,3251,3375,125,0.416
replica_01,rmsd,28,6.75,7.0,6.875,3376,3500,125,4.857570399999999
replica_01,rg,28,6.75,7.0,6.875,3376,3500,125,9.3797904
replica_01,head_any,28,6.75,7.0,6.875,3376,3500,125,4.859783999999999
replica_01,tail_contacts,28,6.75,7.0,6.875,3376,3500,125,13.12
replica_01,tail_waters,28,6.75,7.0,6.875,3376,3500,125,37.64
replica_01,head_contact_fraction,28,6.75,7.0,6.875,3376,3500,125,0.672
replica_01,rmsd,29,7.0,7.25,7.125,3501,3625,125,4.8139856
replica_01,rg,29,7.0,7.25,7.125,3501,3625,125,9.2795384
replica_01,head_any,29,7.0,7.25,7.125,3501,3625,125,4.709696
replica_01,tail_contacts,29,7.0,7.25,7.125,3501,3625,125,17.992
replica_01,tail_waters,29,7.0,7.25,7.125,3501,3625,125,32.24
replica_01,head_contact_fraction,29,7.0,7.25,7.125,3501,3625,125,0.72
replica_01,rmsd,30,7.25,7.5,7.375,3626,3750,125,4.9629936
replica_01,rg,30,7.25,7.5,7.375,3626,3750,125,9.3112984
replica_01,head_any,30,7.25,7.5,7.375,3626,3750,125,5.033664
replica_01,tail_contacts,30,7.25,7.5,7.375,3626,3750,125,20.656
replica_01,tail_waters,30,7.25,7.5,7.375,3626,3750,125,30.976
replica_01,head_contact_fraction,30,7.25,7.5,7.375,3626,3750,125,0.52
replica_01,rmsd,31,7.5,7.75,7.625,3751,3875,125,5.321448
replica_01,rg,31,7.5,7.75,7.625,3751,3875,125,9.242411200000001
replica_01,head_any,31,7.5,7.75,7.625,3751,3875,125,4.8564
replica_01,tail_contacts,31,7.5,7.75,7.625,3751,3875,125,20.8
replica_01,tail_waters,31,7.5,7.75,7.625,3751,3875,125,30.104
replica_01,head_contact_fraction,31,7.5,7.75,7.625,3751,3875,125,0.6
replica_01,rmsd,32,7.75,8.0,7.875,3876,4000,125,4.427979199999999
replica_01,rg,32,7.75,8.0,7.875,3876,4000,125,9.2347384
replica_01,head_any,32,7.75,8.0,7.875,3876,4000,125,5.35124
replica_01,tail_contacts,32,7.75,8.0,7.875,3876,4000,125,20.32
replica_01,tail_waters,32,7.75,8.0,7.875,3876,4000,125,31.368
replica_01,head_contact_fraction,32,7.75,8.0,7.875,3876,4000,125,0.368
replica_01,rmsd,33,8.0,8.25,8.125,4001,4125,125,4.483313600000001
replica_01,rg,33,8.0,8.25,8.125,4001,4125,125,9.1312088
replica_01,head_any,33,8.0,8.25,8.125,4001,4125,125,4.920008
replica_01,tail_contacts,33,8.0,8.25,8.125,4001,4125,125,19.504
replica_01,tail_waters,33,8.0,8.25,8.125,4001,4125,125,31.944
replica_01,head_contact_fraction,33,8.0,8.25,8.125,4001,4125,125,0.592
replica_01,rmsd,34,8.25,8.5,8.375,4126,4250,125,4.684312
replica_01,rg,34,8.25,8.5,8.375,4126,4250,125,9.340740799999999
replica_01,head_any,34,8.25,8.5,8.375,4126,4250,125,4.672232
replica_01,tail_contacts,34,8.25,8.5,8.375,4126,4250,125,15.72
replica_01,tail_waters,34,8.25,8.5,8.375,4126,4250,125,32.472
replica_01,head_contact_fraction,34,8.25,8.5,8.375,4126,4250,125,0.784
replica_01,rmsd,35,8.5,8.75,8.625,4251,4375,125,5.0188184
replica_01,rg,35,8.5,8.75,8.625,4251,4375,125,9.363856799999999
replica_01,head_any,35,8.5,8.75,8.625,4251,4375,125,4.887832
replica_01,tail_contacts,35,8.5,8.75,8.625,4251,4375,125,11.0
replica_01,tail_waters,35,8.5,8.75,8.625,4251,4375,125,43.024
replica_01,head_contact_fraction,35,8.5,8.75,8.625,4251,4375,125,0.576
replica_01,rmsd,36,8.75,9.0,8.875,4376,4500,125,4.8118064
replica_01,rg,36,8.75,9.0,8.875,4376,4500,125,9.455195999999999
replica_01,head_any,36,8.75,9.0,8.875,4376,4500,125,5.1406480000000006
replica_01,tail_contacts,36,8.75,9.0,8.875,4376,4500,125,7.728
replica_01,tail_waters,36,8.75,9.0,8.875,4376,4500,125,46.88
replica_01,head_contact_fraction,36,8.75,9.0,8.875,4376,4500,125,0.52
replica_01,rmsd,37,9.0,9.25,9.125,4501,4625,125,5.1612143999999995
replica_01,rg,37,9.0,9.25,9.125,4501,4625,125,9.3827528
replica_01,head_any,37,9.0,9.25,9.125,4501,4625,125,4.451855999999999
replica_01,tail_contacts,37,9.0,9.25,9.125,4501,4625,125,8.856
replica_01,tail_waters,37,9.0,9.25,9.125,4501,4625,125,48.208
replica_01,head_contact_fraction,37,9.0,9.25,9.125,4501,4625,125,0.824
replica_01,rmsd,38,9.25,9.5,9.375,4626,4750,125,5.1007856
replica_01,rg,38,9.25,9.5,9.375,4626,4750,125,9.3887112
replica_01,head_any,38,9.25,9.5,9.375,4626,4750,125,5.426808
replica_01,tail_contacts,38,9.25,9.5,9.375,4626,4750,125,8.12
replica_01,tail_waters,38,9.25,9.5,9.375,4626,4750,125,47.568
replica_01,head_contact_fraction,38,9.25,9.5,9.375,4626,4750,125,0.392
replica_01,rmsd,39,9.5,9.75,9.625,4751,4875,125,5.0455879999999995
replica_01,rg,39,9.5,9.75,9.625,4751,4875,125,9.3826304
replica_01,head_any,39,9.5,9.75,9.625,4751,4875,125,5.254328
replica_01,tail_contacts,39,9.5,9.75,9.625,4751,4875,125,10.592
replica_01,tail_waters,39,9.5,9.75,9.625,4751,4875,125,40.176
replica_01,head_contact_fraction,39,9.5,9.75,9.625,4751,4875,125,0.368
replica_01,rmsd,40,9.75,10.0,9.875,4876,5000,125,4.865599199999999
replica_01,rg,40,9.75,10.0,9.875,4876,5000,125,9.520299999999999
replica_01,head_any,40,9.75,10.0,9.875,4876,5000,125,4.811968
replica_01,tail_contacts,40,9.75,10.0,9.875,4876,5000,125,11.872
replica_01,tail_waters,40,9.75,10.0,9.875,4876,5000,125,39.496
replica_01,head_contact_fraction,40,9.75,10.0,9.875,4876,5000,125,0.688
replica_02,rmsd,1,0.0,0.25,0.125,1,125,125,1.7086071999999999
replica_02,rg,1,0.0,0.25,0.125,1,125,125,9.594304
replica_02,head_any,1,0.0,0.25,0.125,1,125,125,5.628816
replica_02,tail_contacts,1,0.0,0.25,0.125,1,125,125,14.888
replica_02,tail_waters,1,0.0,0.25,0.125,1,125,125,41.6
replica_02,head_contact_fraction,1,0.0,0.25,0.125,1,125,125,0.28
replica_02,rmsd,2,0.25,0.5,0.375,126,250,125,2.4106472
replica_02,rg,2,0.25,0.5,0.375,126,250,125,9.5511096
replica_02,head_any,2,0.25,0.5,0.375,126,250,125,6.153984
replica_02,tail_contacts,2,0.25,0.5,0.375,126,250,125,14.744
replica_02,tail_waters,2,0.25,0.5,0.375,126,250,125,39.152
replica_02,head_contact_fraction,2,0.25,0.5,0.375,126,250,125,0.08
replica_02,rmsd,3,0.5,0.75,0.625,251,375,125,2.837132
replica_02,rg,3,0.5,0.75,0.625,251,375,125,9.6590216
replica_02,head_any,3,0.5,0.75,0.625,251,375,125,4.569504
replica_02,tail_contacts,3,0.5,0.75,0.625,251,375,125,14.408
replica_02,tail_waters,3,0.5,0.75,0.625,251,375,125,38.624
replica_02,head_contact_fraction,3,0.5,0.75,0.625,251,375,125,0.816
replica_02,rmsd,4,0.75,1.0,0.875,376,500,125,2.3492775999999997
replica_02,rg,4,0.75,1.0,0.875,376,500,125,9.6261928
replica_02,head_any,4,0.75,1.0,0.875,376,500,125,5.55732
replica_02,tail_contacts,4,0.75,1.0,0.875,376,500,125,15.864
replica_02,tail_waters,4,0.75,1.0,0.875,376,500,125,40.144
replica_02,head_contact_fraction,4,0.75,1.0,0.875,376,500,125,0.304
replica_02,rmsd,5,1.0,1.25,1.125,501,625,125,2.6249128
replica_02,rg,5,1.0,1.25,1.125,501,625,125,9.701644
replica_02,head_any,5,1.0,1.25,1.125,501,625,125,5.36552
replica_02,tail_contacts,5,1.0,1.25,1.125,501,625,125,16.024
replica_02,tail_waters,5,1.0,1.25,1.125,501,625,125,38.912
replica_02,head_contact_fraction,5,1.0,1.25,1.125,501,625,125,0.344
replica_02,rmsd,6,1.25,1.5,1.375,626,750,125,2.5389168
replica_02,rg,6,1.25,1.5,1.375,626,750,125,9.5469536
replica_02,head_any,6,1.25,1.5,1.375,626,750,125,5.492616
replica_02,tail_contacts,6,1.25,1.5,1.375,626,750,125,16.552
replica_02,tail_waters,6,1.25,1.5,1.375,626,750,125,40.384
replica_02,head_contact_fraction,6,1.25,1.5,1.375,626,750,125,0.32
replica_02,rmsd,7,1.5,1.75,1.625,751,875,125,2.647796
replica_02,rg,7,1.5,1.75,1.625,751,875,125,9.5728856
replica_02,head_any,7,1.5,1.75,1.625,751,875,125,5.006048
replica_02,tail_contacts,7,1.5,1.75,1.625,751,875,125,16.064
replica_02,tail_waters,7,1.5,1.75,1.625,751,875,125,40.112
replica_02,head_contact_fraction,7,1.5,1.75,1.625,751,875,125,0.576
replica_02,rmsd,8,1.75,2.0,1.875,876,1000,125,2.2646144
replica_02,rg,8,1.75,2.0,1.875,876,1000,125,9.519523999999999
replica_02,head_any,8,1.75,2.0,1.875,876,1000,125,5.536048
replica_02,tail_contacts,8,1.75,2.0,1.875,876,1000,125,16.16
replica_02,tail_waters,8,1.75,2.0,1.875,876,1000,125,39.072
replica_02,head_contact_fraction,8,1.75,2.0,1.875,876,1000,125,0.264
replica_02,rmsd,9,2.0,2.25,2.125,1001,1125,125,2.4697888
replica_02,rg,9,2.0,2.25,2.125,1001,1125,125,9.6307768
replica_02,head_any,9,2.0,2.25,2.125,1001,1125,125,5.541128
replica_02,tail_contacts,9,2.0,2.25,2.125,1001,1125,125,11.312
replica_02,tail_waters,9,2.0,2.25,2.125,1001,1125,125,39.896
replica_02,head_contact_fraction,9,2.0,2.25,2.125,1001,1125,125,0.4
replica_02,rmsd,10,2.25,2.5,2.375,1126,1250,125,3.4112456
replica_02,rg,10,2.25,2.5,2.375,1126,1250,125,9.452509599999999
replica_02,head_any,10,2.25,2.5,2.375,1126,1250,125,4.738888
replica_02,tail_contacts,10,2.25,2.5,2.375,1126,1250,125,18.232
replica_02,tail_waters,10,2.25,2.5,2.375,1126,1250,125,31.424
replica_02,head_contact_fraction,10,2.25,2.5,2.375,1126,1250,125,0.792
replica_02,rmsd,11,2.5,2.75,2.625,1251,1375,125,4.8004472
replica_02,rg,11,2.5,2.75,2.625,1251,1375,125,8.9882752
replica_02,head_any,11,2.5,2.75,2.625,1251,1375,125,4.893631999999999
replica_02,tail_contacts,11,2.5,2.75,2.625,1251,1375,125,20.664
replica_02,tail_waters,11,2.5,2.75,2.625,1251,1375,125,29.128
replica_02,head_contact_fraction,11,2.5,2.75,2.625,1251,1375,125,0.648
replica_02,rmsd,12,2.75,3.0,2.875,1376,1500,125,3.8808176
replica_02,rg,12,2.75,3.0,2.875,1376,1500,125,9.1226824
replica_02,head_any,12,2.75,3.0,2.875,1376,1500,125,4.698551999999999
replica_02,tail_contacts,12,2.75,3.0,2.875,1376,1500,125,17.792
replica_02,tail_waters,12,2.75,3.0,2.875,1376,1500,125,32.608
replica_02,head_contact_fraction,12,2.75,3.0,2.875,1376,1500,125,0.76
replica_02,rmsd,13,3.0,3.25,3.125,1501,1625,125,3.9550392000000003
replica_02,rg,13,3.0,3.25,3.125,1501,1625,125,9.085118399999999
replica_02,head_any,13,3.0,3.25,3.125,1501,1625,125,5.1968559999999995
replica_02,tail_contacts,13,3.0,3.25,3.125,1501,1625,125,16.376
replica_02,tail_waters,13,3.0,3.25,3.125,1501,1625,125,36.064
replica_02,head_contact_fraction,13,3.0,3.25,3.125,1501,1625,125,0.512
replica_02,rmsd,14,3.25,3.5,3.375,1626,1750,125,3.9054488000000003
replica_02,rg,14,3.25,3.5,3.375,1626,1750,125,9.2848928
replica_02,head_any,14,3.25,3.5,3.375,1626,1750,125,5.75144
replica_02,tail_contacts,14,3.25,3.5,3.375,1626,1750,125,14.384
replica_02,tail_waters,14,3.25,3.5,3.375,1626,1750,125,40.504
replica_02,head_contact_fraction,14,3.25,3.5,3.375,1626,1750,125,0.272
replica_02,rmsd,15,3.5,3.75,3.625,1751,1875,125,4.7620472
replica_02,rg,15,3.5,3.75,3.625,1751,1875,125,9.2169216
replica_02,head_any,15,3.5,3.75,3.625,1751,1875,125,4.7474799999999995
replica_02,tail_contacts,15,3.5,3.75,3.625,1751,1875,125,19.2
replica_02,tail_waters,15,3.5,3.75,3.625,1751,1875,125,30.496
replica_02,head_contact_fraction,15,3.5,3.75,3.625,1751,1875,125,0.712
replica_02,rmsd,16,3.75,4.0,3.875,1876,2000,125,5.4635096
replica_02,rg,16,3.75,4.0,3.875,1876,2000,125,9.0360904
replica_02,head_any,16,3.75,4.0,3.875,1876,2000,125,4.752479999999999
replica_02,tail_contacts,16,3.75,4.0,3.875,1876,2000,125,22.12
replica_02,tail_waters,16,3.75,4.0,3.875,1876,2000,125,29.592
replica_02,head_contact_fraction,16,3.75,4.0,3.875,1876,2000,125,0.768
replica_02,rmsd,17,4.0,4.25,4.125,2001,2125,125,5.489149599999999
replica_02,rg,17,4.0,4.25,4.125,2001,2125,125,9.107211999999999
replica_02,head_any,17,4.0,4.25,4.125,2001,2125,125,4.6830240000000005
replica_02,tail_contacts,17,4.0,4.25,4.125,2001,2125,125,21.744
replica_02,tail_waters,17,4.0,4.25,4.125,2001,2125,125,29.368
replica_02,head_contact_fraction,17,4.0,4.25,4.125,2001,2125,125,0.752
replica_02,rmsd,18,4.25,4.5,4.375,2126,2250,125,5.0880888
replica_02,rg,18,4.25,4.5,4.375,2126,2250,125,9.242147999999998
replica_02,head_any,18,4.25,4.5,4.375,2126,2250,125,5.124984
replica_02,tail_contacts,18,4.25,4.5,4.375,2126,2250,125,18.832
replica_02,tail_waters,18,4.25,4.5,4.375,2126,2250,125,30.984
replica_02,head_contact_fraction,18,4.25,4.5,4.375,2126,2250,125,0.552
replica_02,rmsd,19,4.5,4.75,4.625,2251,2375,125,5.30446
replica_02,rg,19,4.5,4.75,4.625,2251,2375,125,9.272213599999999
replica_02,head_any,19,4.5,4.75,4.625,2251,2375,125,4.704456
replica_02,tail_contacts,19,4.5,4.75,4.625,2251,2375,125,16.832
replica_02,tail_waters,19,4.5,4.75,4.625,2251,2375,125,32.392
replica_02,head_contact_fraction,19,4.5,4.75,4.625,2251,2375,125,0.72
replica_02,rmsd,20,4.75,5.0,4.875,2376,2500,125,4.5466312
replica_02,rg,20,4.75,5.0,4.875,2376,2500,125,9.140365599999999
replica_02,head_any,20,4.75,5.0,4.875,2376,2500,125,5.14216
replica_02,tail_contacts,20,4.75,5.0,4.875,2376,2500,125,13.448
replica_02,tail_waters,20,4.75,5.0,4.875,2376,2500,125,35.616
replica_02,head_contact_fraction,20,4.75,5.0,4.875,2376,2500,125,0.504
replica_02,rmsd,21,5.0,5.25,5.125,2501,2625,125,4.865012800000001
replica_02,rg,21,5.0,5.25,5.125,2501,2625,125,9.2149248
replica_02,head_any,21,5.0,5.25,5.125,2501,2625,125,5.581583999999999
replica_02,tail_contacts,21,5.0,5.25,5.125,2501,2625,125,10.8
replica_02,tail_waters,21,5.0,5.25,5.125,2501,2625,125,42.24
replica_02,head_contact_fraction,21,5.0,5.25,5.125,2501,2625,125,0.296
replica_02,rmsd,22,5.25,5.5,5.375,2626,2750,125,5.1362912
replica_02,rg,22,5.25,5.5,5.375,2626,2750,125,9.1531432
replica_02,head_any,22,5.25,5.5,5.375,2626,2750,125,5.573112
replica_02,tail_contacts,22,5.25,5.5,5.375,2626,2750,125,14.16
replica_02,tail_waters,22,5.25,5.5,5.375,2626,2750,125,37.184
replica_02,head_contact_fraction,22,5.25,5.5,5.375,2626,2750,125,0.184
replica_02,rmsd,23,5.5,5.75,5.625,2751,2875,125,4.766124799999999
replica_02,rg,23,5.5,5.75,5.625,2751,2875,125,8.9836664
replica_02,head_any,23,5.5,5.75,5.625,2751,2875,125,5.3295200000000005
replica_02,tail_contacts,23,5.5,5.75,5.625,2751,2875,125,14.64
replica_02,tail_waters,23,5.5,5.75,5.625,2751,2875,125,35.664
replica_02,head_contact_fraction,23,5.5,5.75,5.625,2751,2875,125,0.504
replica_02,rmsd,24,5.75,6.0,5.875,2876,3000,125,4.2688448
replica_02,rg,24,5.75,6.0,5.875,2876,3000,125,8.93504
replica_02,head_any,24,5.75,6.0,5.875,2876,3000,125,4.664648000000001
replica_02,tail_contacts,24,5.75,6.0,5.875,2876,3000,125,14.976
replica_02,tail_waters,24,5.75,6.0,5.875,2876,3000,125,35.704
replica_02,head_contact_fraction,24,5.75,6.0,5.875,2876,3000,125,0.728
replica_02,rmsd,25,6.0,6.25,6.125,3001,3125,125,4.347784
replica_02,rg,25,6.0,6.25,6.125,3001,3125,125,9.231939200000001
replica_02,head_any,25,6.0,6.25,6.125,3001,3125,125,4.848936
replica_02,tail_contacts,25,6.0,6.25,6.125,3001,3125,125,16.288
replica_02,tail_waters,25,6.0,6.25,6.125,3001,3125,125,35.392
replica_02,head_contact_fraction,25,6.0,6.25,6.125,3001,3125,125,0.656
replica_02,rmsd,26,6.25,6.5,6.375,3126,3250,125,4.295734400000001
replica_02,rg,26,6.25,6.5,6.375,3126,3250,125,9.224943999999999
replica_02,head_any,26,6.25,6.5,6.375,3126,3250,125,5.206232
replica_02,tail_contacts,26,6.25,6.5,6.375,3126,3250,125,15.032
replica_02,tail_waters,26,6.25,6.5,6.375,3126,3250,125,35.936
replica_02,head_contact_fraction,26,6.25,6.5,6.375,3126,3250,125,0.44
replica_02,rmsd,27,6.5,6.75,6.625,3251,3375,125,3.7542368
replica_02,rg,27,6.5,6.75,6.625,3251,3375,125,9.366577600000001
replica_02,head_any,27,6.5,6.75,6.625,3251,3375,125,5.530208
replica_02,tail_contacts,27,6.5,6.75,6.625,3251,3375,125,12.312
replica_02,tail_waters,27,6.5,6.75,6.625,3251,3375,125,39.568
replica_02,head_contact_fraction,27,6.5,6.75,6.625,3251,3375,125,0.392
replica_02,rmsd,28,6.75,7.0,6.875,3376,3500,125,3.9828344
replica_02,rg,28,6.75,7.0,6.875,3376,3500,125,9.456404000000001
replica_02,head_any,28,6.75,7.0,6.875,3376,3500,125,5.274008
replica_02,tail_contacts,28,6.75,7.0,6.875,3376,3500,125,12.136
replica_02,tail_waters,28,6.75,7.0,6.875,3376,3500,125,38.544
replica_02,head_contact_fraction,28,6.75,7.0,6.875,3376,3500,125,0.496
replica_02,rmsd,29,7.0,7.25,7.125,3501,3625,125,3.4382936
replica_02,rg,29,7.0,7.25,7.125,3501,3625,125,9.4341768
replica_02,head_any,29,7.0,7.25,7.125,3501,3625,125,5.711936
replica_02,tail_contacts,29,7.0,7.25,7.125,3501,3625,125,15.576
replica_02,tail_waters,29,7.0,7.25,7.125,3501,3625,125,36.664
replica_02,head_contact_fraction,29,7.0,7.25,7.125,3501,3625,125,0.224
replica_02,rmsd,30,7.25,7.5,7.375,3626,3750,125,3.8694103999999996
replica_02,rg,30,7.25,7.5,7.375,3626,3750,125,9.491852000000002
replica_02,head_any,30,7.25,7.5,7.375,3626,3750,125,4.637408000000001
replica_02,tail_contacts,30,7.25,7.5,7.375,3626,3750,125,13.2
replica_02,tail_waters,30,7.25,7.5,7.375,3626,3750,125,37.52
replica_02,head_contact_fraction,30,7.25,7.5,7.375,3626,3750,125,0.784
replica_02,rmsd,31,7.5,7.75,7.625,3751,3875,125,2.9682856
replica_02,rg,31,7.5,7.75,7.625,3751,3875,125,9.3711216
replica_02,head_any,31,7.5,7.75,7.625,3751,3875,125,5.877816
replica_02,tail_contacts,31,7.5,7.75,7.625,3751,3875,125,14.448
replica_02,tail_waters,31,7.5,7.75,7.625,3751,3875,125,36.4
replica_02,head_contact_fraction,31,7.5,7.75,7.625,3751,3875,125,0.112
replica_02,rmsd,32,7.75,8.0,7.875,3876,4000,125,3.7544112
replica_02,rg,32,7.75,8.0,7.875,3876,4000,125,9.3038048
replica_02,head_any,32,7.75,8.0,7.875,3876,4000,125,5.5818639999999995
replica_02,tail_contacts,32,7.75,8.0,7.875,3876,4000,125,13.32
replica_02,tail_waters,32,7.75,8.0,7.875,3876,4000,125,37.536
replica_02,head_contact_fraction,32,7.75,8.0,7.875,3876,4000,125,0.336
replica_02,rmsd,33,8.0,8.25,8.125,4001,4125,125,3.9559344000000003
replica_02,rg,33,8.0,8.25,8.125,4001,4125,125,9.3055768
replica_02,head_any,33,8.0,8.25,8.125,4001,4125,125,5.0226239999999995
replica_02,tail_contacts,33,8.0,8.25,8.125,4001,4125,125,14.368
replica_02,tail_waters,33,8.0,8.25,8.125,4001,4125,125,37.192
replica_02,head_contact_fraction,33,8.0,8.25,8.125,4001,4125,125,0.592
replica_02,rmsd,34,8.25,8.5,8.375,4126,4250,125,3.6416824
replica_02,rg,34,8.25,8.5,8.375,4126,4250,125,9.479417600000001
replica_02,head_any,34,8.25,8.5,8.375,4126,4250,125,4.553008
replica_02,tail_contacts,34,8.25,8.5,8.375,4126,4250,125,13.784
replica_02,tail_waters,34,8.25,8.5,8.375,4126,4250,125,38.36
replica_02,head_contact_fraction,34,8.25,8.5,8.375,4126,4250,125,0.808
replica_02,rmsd,35,8.5,8.75,8.625,4251,4375,125,3.7758103999999997
replica_02,rg,35,8.5,8.75,8.625,4251,4375,125,9.4107776
replica_02,head_any,35,8.5,8.75,8.625,4251,4375,125,4.887568
replica_02,tail_contacts,35,8.5,8.75,8.625,4251,4375,125,14.12
replica_02,tail_waters,35,8.5,8.75,8.625,4251,4375,125,35.976
replica_02,head_contact_fraction,35,8.5,8.75,8.625,4251,4375,125,0.584
replica_02,rmsd,36,8.75,9.0,8.875,4376,4500,125,3.2822856000000002
replica_02,rg,36,8.75,9.0,8.875,4376,4500,125,9.2665168
replica_02,head_any,36,8.75,9.0,8.875,4376,4500,125,4.87312
replica_02,tail_contacts,36,8.75,9.0,8.875,4376,4500,125,14.472
replica_02,tail_waters,36,8.75,9.0,8.875,4376,4500,125,36.312
replica_02,head_contact_fraction,36,8.75,9.0,8.875,4376,4500,125,0.632
replica_02,rmsd,37,9.0,9.25,9.125,4501,4625,125,3.5318536
replica_02,rg,37,9.0,9.25,9.125,4501,4625,125,9.2121376
replica_02,head_any,37,9.0,9.25,9.125,4501,4625,125,4.9843280000000005
replica_02,tail_contacts,37,9.0,9.25,9.125,4501,4625,125,14.912
replica_02,tail_waters,37,9.0,9.25,9.125,4501,4625,125,33.616
replica_02,head_contact_fraction,37,9.0,9.25,9.125,4501,4625,125,0.576
replica_02,rmsd,38,9.25,9.5,9.375,4626,4750,125,3.676004
replica_02,rg,38,9.25,9.5,9.375,4626,4750,125,9.1766776
replica_02,head_any,38,9.25,9.5,9.375,4626,4750,125,4.399552
replica_02,tail_contacts,38,9.25,9.5,9.375,4626,4750,125,15.176
replica_02,tail_waters,38,9.25,9.5,9.375,4626,4750,125,31.72
replica_02,head_contact_fraction,38,9.25,9.5,9.375,4626,4750,125,0.888
replica_02,rmsd,39,9.5,9.75,9.625,4751,4875,125,4.0372471999999995
replica_02,rg,39,9.5,9.75,9.625,4751,4875,125,9.0610208
replica_02,head_any,39,9.5,9.75,9.625,4751,4875,125,5.231287999999999
replica_02,tail_contacts,39,9.5,9.75,9.625,4751,4875,125,14.656
replica_02,tail_waters,39,9.5,9.75,9.625,4751,4875,125,32.216
replica_02,head_contact_fraction,39,9.5,9.75,9.625,4751,4875,125,0.448
replica_02,rmsd,40,9.75,10.0,9.875,4876,5000,125,4.365152
replica_02,rg,40,9.75,10.0,9.875,4876,5000,125,9.029755999999999
replica_02,head_any,40,9.75,10.0,9.875,4876,5000,125,4.885584
replica_02,tail_contacts,40,9.75,10.0,9.875,4876,5000,125,15.664
replica_02,tail_waters,40,9.75,10.0,9.875,4876,5000,125,32.472
replica_02,head_contact_fraction,40,9.75,10.0,9.875,4876,5000,125,0.6
replica_03,rmsd,1,0.0,0.25,0.125,1,125,125,3.0356336
replica_03,rg,1,0.0,0.25,0.125,1,125,125,9.604467199999998
replica_03,head_any,1,0.0,0.25,0.125,1,125,125,5.431584
replica_03,tail_contacts,1,0.0,0.25,0.125,1,125,125,17.208
replica_03,tail_waters,1,0.0,0.25,0.125,1,125,125,32.44
replica_03,head_contact_fraction,1,0.0,0.25,0.125,1,125,125,0.456
replica_03,rmsd,2,0.25,0.5,0.375,126,250,125,4.52516
replica_03,rg,2,0.25,0.5,0.375,126,250,125,9.356916
replica_03,head_any,2,0.25,0.5,0.375,126,250,125,5.0151840000000005
replica_03,tail_contacts,2,0.25,0.5,0.375,126,250,125,14.576
replica_03,tail_waters,2,0.25,0.5,0.375,126,250,125,36.704
replica_03,head_contact_fraction,2,0.25,0.5,0.375,126,250,125,0.536
replica_03,rmsd,3,0.5,0.75,0.625,251,375,125,5.4830072
replica_03,rg,3,0.5,0.75,0.625,251,375,125,9.4712024
replica_03,head_any,3,0.5,0.75,0.625,251,375,125,5.45628
replica_03,tail_contacts,3,0.5,0.75,0.625,251,375,125,14.472
replica_03,tail_waters,3,0.5,0.75,0.625,251,375,125,41.128
replica_03,head_contact_fraction,3,0.5,0.75,0.625,251,375,125,0.384
replica_03,rmsd,4,0.75,1.0,0.875,376,500,125,5.1179496
replica_03,rg,4,0.75,1.0,0.875,376,500,125,9.412301600000001
replica_03,head_any,4,0.75,1.0,0.875,376,500,125,4.876288
replica_03,tail_contacts,4,0.75,1.0,0.875,376,500,125,13.896
replica_03,tail_waters,4,0.75,1.0,0.875,376,500,125,41.256
replica_03,head_contact_fraction,4,0.75,1.0,0.875,376,500,125,0.64
replica_03,rmsd,5,1.0,1.25,1.125,501,625,125,5.1242808
replica_03,rg,5,1.0,1.25,1.125,501,625,125,9.4035048
replica_03,head_any,5,1.0,1.25,1.125,501,625,125,4.7123040000000005
replica_03,tail_contacts,5,1.0,1.25,1.125,501,625,125,13.744
replica_03,tail_waters,5,1.0,1.25,1.125,501,625,125,39.928
replica_03,head_contact_fraction,5,1.0,1.25,1.125,501,625,125,0.744
replica_03,rmsd,6,1.25,1.5,1.375,626,750,125,5.0346088
replica_03,rg,6,1.25,1.5,1.375,626,750,125,9.3292392
replica_03,head_any,6,1.25,1.5,1.375,626,750,125,5.653239999999999
replica_03,tail_contacts,6,1.25,1.5,1.375,626,750,125,15.296
replica_03,tail_waters,6,1.25,1.5,1.375,626,750,125,39.56
replica_03,head_contact_fraction,6,1.25,1.5,1.375,626,750,125,0.28
replica_03,rmsd,7,1.5,1.75,1.625,751,875,125,5.305668
replica_03,rg,7,1.5,1.75,1.625,751,875,125,9.3108992
replica_03,head_any,7,1.5,1.75,1.625,751,875,125,6.16052
replica_03,tail_contacts,7,1.5,1.75,1.625,751,875,125,16.88
replica_03,tail_waters,7,1.5,1.75,1.625,751,875,125,38.48
replica_03,head_contact_fraction,7,1.5,1.75,1.625,751,875,125,0.208
replica_03,rmsd,8,1.75,2.0,1.875,876,1000,125,5.1491848
replica_03,rg,8,1.75,2.0,1.875,876,1000,125,9.178786400000002
replica_03,head_any,8,1.75,2.0,1.875,876,1000,125,5.427504
replica_03,tail_contacts,8,1.75,2.0,1.875,876,1000,125,17.048
replica_03,tail_waters,8,1.75,2.0,1.875,876,1000,125,39.296
replica_03,head_contact_fraction,8,1.75,2.0,1.875,876,1000,125,0.32
replica_03,rmsd,9,2.0,2.25,2.125,1001,1125,125,4.627176
replica_03,rg,9,2.0,2.25,2.125,1001,1125,125,9.204976
replica_03,head_any,9,2.0,2.25,2.125,1001,1125,125,5.30992
replica_03,tail_contacts,9,2.0,2.25,2.125,1001,1125,125,16.368
replica_03,tail_waters,9,2.0,2.25,2.125,1001,1125,125,39.704
replica_03,head_contact_fraction,9,2.0,2.25,2.125,1001,1125,125,0.456
replica_03,rmsd,10,2.25,2.5,2.375,1126,1250,125,4.7140168000000005
replica_03,rg,10,2.25,2.5,2.375,1126,1250,125,9.240444
replica_03,head_any,10,2.25,2.5,2.375,1126,1250,125,5.88024
replica_03,tail_contacts,10,2.25,2.5,2.375,1126,1250,125,17.232
replica_03,tail_waters,10,2.25,2.5,2.375,1126,1250,125,38.328
replica_03,head_contact_fraction,10,2.25,2.5,2.375,1126,1250,125,0.112
replica_03,rmsd,11,2.5,2.75,2.625,1251,1375,125,4.3823984000000005
replica_03,rg,11,2.5,2.75,2.625,1251,1375,125,9.2385648
replica_03,head_any,11,2.5,2.75,2.625,1251,1375,125,6.05812
replica_03,tail_contacts,11,2.5,2.75,2.625,1251,1375,125,16.864
replica_03,tail_waters,11,2.5,2.75,2.625,1251,1375,125,38.552
replica_03,head_contact_fraction,11,2.5,2.75,2.625,1251,1375,125,0.12
replica_03,rmsd,12,2.75,3.0,2.875,1376,1500,125,3.7443015999999996
replica_03,rg,12,2.75,3.0,2.875,1376,1500,125,9.3368624
replica_03,head_any,12,2.75,3.0,2.875,1376,1500,125,5.450895999999999
replica_03,tail_contacts,12,2.75,3.0,2.875,1376,1500,125,15.504
replica_03,tail_waters,12,2.75,3.0,2.875,1376,1500,125,38.936
replica_03,head_contact_fraction,12,2.75,3.0,2.875,1376,1500,125,0.456
replica_03,rmsd,13,3.0,3.25,3.125,1501,1625,125,4.3186656
replica_03,rg,13,3.0,3.25,3.125,1501,1625,125,9.454992
replica_03,head_any,13,3.0,3.25,3.125,1501,1625,125,6.045992
replica_03,tail_contacts,13,3.0,3.25,3.125,1501,1625,125,17.192
replica_03,tail_waters,13,3.0,3.25,3.125,1501,1625,125,38.376
replica_03,head_contact_fraction,13,3.0,3.25,3.125,1501,1625,125,0.064
replica_03,rmsd,14,3.25,3.5,3.375,1626,1750,125,4.1699736000000005
replica_03,rg,14,3.25,3.5,3.375,1626,1750,125,9.333249599999998
replica_03,head_any,14,3.25,3.5,3.375,1626,1750,125,5.34628
replica_03,tail_contacts,14,3.25,3.5,3.375,1626,1750,125,18.44
replica_03,tail_waters,14,3.25,3.5,3.375,1626,1750,125,35.872
replica_03,head_contact_fraction,14,3.25,3.5,3.375,1626,1750,125,0.456
replica_03,rmsd,15,3.5,3.75,3.625,1751,1875,125,3.7264104000000002
replica_03,rg,15,3.5,3.75,3.625,1751,1875,125,9.3057216
replica_03,head_any,15,3.5,3.75,3.625,1751,1875,125,4.482424
replica_03,tail_contacts,15,3.5,3.75,3.625,1751,1875,125,23.496
replica_03,tail_waters,15,3.5,3.75,3.625,1751,1875,125,30.696
replica_03,head_contact_fraction,15,3.5,3.75,3.625,1751,1875,125,0.88
replica_03,rmsd,16,3.75,4.0,3.875,1876,2000,125,3.6694416000000003
replica_03,rg,16,3.75,4.0,3.875,1876,2000,125,9.1627112
replica_03,head_any,16,3.75,4.0,3.875,1876,2000,125,4.565055999999999
replica_03,tail_contacts,16,3.75,4.0,3.875,1876,2000,125,22.48
replica_03,tail_waters,16,3.75,4.0,3.875,1876,2000,125,31.56
replica_03,head_contact_fraction,16,3.75,4.0,3.875,1876,2000,125,0.864
replica_03,rmsd,17,4.0,4.25,4.125,2001,2125,125,3.1353647999999996
replica_03,rg,17,4.0,4.25,4.125,2001,2125,125,9.3883704
replica_03,head_any,17,4.0,4.25,4.125,2001,2125,125,4.41056
replica_03,tail_contacts,17,4.0,4.25,4.125,2001,2125,125,21.552
replica_03,tail_waters,17,4.0,4.25,4.125,2001,2125,125,32.352
replica_03,head_contact_fraction,17,4.0,4.25,4.125,2001,2125,125,0.928
replica_03,rmsd,18,4.25,4.5,4.375,2126,2250,125,3.2106640000000004
replica_03,rg,18,4.25,4.5,4.375,2126,2250,125,9.2144008
replica_03,head_any,18,4.25,4.5,4.375,2126,2250,125,4.4078800000000005
replica_03,tail_contacts,18,4.25,4.5,4.375,2126,2250,125,18.344
replica_03,tail_waters,18,4.25,4.5,4.375,2126,2250,125,34.152
replica_03,head_contact_fraction,18,4.25,4.5,4.375,2126,2250,125,0.936
replica_03,rmsd,19,4.5,4.75,4.625,2251,2375,125,3.4263064
replica_03,rg,19,4.5,4.75,4.625,2251,2375,125,9.076144000000001
replica_03,head_any,19,4.5,4.75,4.625,2251,2375,125,4.413064
replica_03,tail_contacts,19,4.5,4.75,4.625,2251,2375,125,17.536
replica_03,tail_waters,19,4.5,4.75,4.625,2251,2375,125,34.984
replica_03,head_contact_fraction,19,4.5,4.75,4.625,2251,2375,125,0.944
replica_03,rmsd,20,4.75,5.0,4.875,2376,2500,125,3.6359544
replica_03,rg,20,4.75,5.0,4.875,2376,2500,125,9.217668
replica_03,head_any,20,4.75,5.0,4.875,2376,2500,125,5.616416
replica_03,tail_contacts,20,4.75,5.0,4.875,2376,2500,125,17.008
replica_03,tail_waters,20,4.75,5.0,4.875,2376,2500,125,39.016
replica_03,head_contact_fraction,20,4.75,5.0,4.875,2376,2500,125,0.304
replica_03,rmsd,21,5.0,5.25,5.125,2501,2625,125,4.454564
replica_03,rg,21,5.0,5.25,5.125,2501,2625,125,9.2449728
replica_03,head_any,21,5.0,5.25,5.125,2501,2625,125,5.541792
replica_03,tail_contacts,21,5.0,5.25,5.125,2501,2625,125,16.216
replica_03,tail_waters,21,5.0,5.25,5.125,2501,2625,125,40.64
replica_03,head_contact_fraction,21,5.0,5.25,5.125,2501,2625,125,0.288
replica_03,rmsd,22,5.25,5.5,5.375,2626,2750,125,4.4853416
replica_03,rg,22,5.25,5.5,5.375,2626,2750,125,9.4194416
replica_03,head_any,22,5.25,5.5,5.375,2626,2750,125,5.301095999999999
replica_03,tail_contacts,22,5.25,5.5,5.375,2626,2750,125,16.128
replica_03,tail_waters,22,5.25,5.5,5.375,2626,2750,125,40.36
replica_03,head_contact_fraction,22,5.25,5.5,5.375,2626,2750,125,0.384
replica_03,rmsd,23,5.5,5.75,5.625,2751,2875,125,4.3162744
replica_03,rg,23,5.5,5.75,5.625,2751,2875,125,9.408464799999999
replica_03,head_any,23,5.5,5.75,5.625,2751,2875,125,4.842112
replica_03,tail_contacts,23,5.5,5.75,5.625,2751,2875,125,16.632
replica_03,tail_waters,23,5.5,5.75,5.625,2751,2875,125,40.16
replica_03,head_contact_fraction,23,5.5,5.75,5.625,2751,2875,125,0.608
replica_03,rmsd,24,5.75,6.0,5.875,2876,3000,125,4.049672
replica_03,rg,24,5.75,6.0,5.875,2876,3000,125,9.395430399999999
replica_03,head_any,24,5.75,6.0,5.875,2876,3000,125,5.290520000000001
replica_03,tail_contacts,24,5.75,6.0,5.875,2876,3000,125,16.104
replica_03,tail_waters,24,5.75,6.0,5.875,2876,3000,125,38.728
replica_03,head_contact_fraction,24,5.75,6.0,5.875,2876,3000,125,0.392
replica_03,rmsd,25,6.0,6.25,6.125,3001,3125,125,3.9133808
replica_03,rg,25,6.0,6.25,6.125,3001,3125,125,9.3867976
replica_03,head_any,25,6.0,6.25,6.125,3001,3125,125,4.633136
replica_03,tail_contacts,25,6.0,6.25,6.125,3001,3125,125,16.384
replica_03,tail_waters,25,6.0,6.25,6.125,3001,3125,125,39.816
replica_03,head_contact_fraction,25,6.0,6.25,6.125,3001,3125,125,0.736
replica_03,rmsd,26,6.25,6.5,6.375,3126,3250,125,3.9125288
replica_03,rg,26,6.25,6.5,6.375,3126,3250,125,9.3858472
replica_03,head_any,26,6.25,6.5,6.375,3126,3250,125,4.678424
replica_03,tail_contacts,26,6.25,6.5,6.375,3126,3250,125,17.328
replica_03,tail_waters,26,6.25,6.5,6.375,3126,3250,125,37.488
replica_03,head_contact_fraction,26,6.25,6.5,6.375,3126,3250,125,0.752
replica_03,rmsd,27,6.5,6.75,6.625,3251,3375,125,3.9300368
replica_03,rg,27,6.5,6.75,6.625,3251,3375,125,9.433768
replica_03,head_any,27,6.5,6.75,6.625,3251,3375,125,4.5745119999999995
replica_03,tail_contacts,27,6.5,6.75,6.625,3251,3375,125,17.52
replica_03,tail_waters,27,6.5,6.75,6.625,3251,3375,125,36.816
replica_03,head_contact_fraction,27,6.5,6.75,6.625,3251,3375,125,0.832
replica_03,rmsd,28,6.75,7.0,6.875,3376,3500,125,3.9968032
replica_03,rg,28,6.75,7.0,6.875,3376,3500,125,9.4353704
replica_03,head_any,28,6.75,7.0,6.875,3376,3500,125,4.730888
replica_03,tail_contacts,28,6.75,7.0,6.875,3376,3500,125,16.872
replica_03,tail_waters,28,6.75,7.0,6.875,3376,3500,125,37.216
replica_03,head_contact_fraction,28,6.75,7.0,6.875,3376,3500,125,0.744
replica_03,rmsd,29,7.0,7.25,7.125,3501,3625,125,4.206908
replica_03,rg,29,7.0,7.25,7.125,3501,3625,125,9.167864
replica_03,head_any,29,7.0,7.25,7.125,3501,3625,125,5.039008
replica_03,tail_contacts,29,7.0,7.25,7.125,3501,3625,125,18.384
replica_03,tail_waters,29,7.0,7.25,7.125,3501,3625,125,33.056
replica_03,head_contact_fraction,29,7.0,7.25,7.125,3501,3625,125,0.592
replica_03,rmsd,30,7.25,7.5,7.375,3626,3750,125,2.565768
replica_03,rg,30,7.25,7.5,7.375,3626,3750,125,9.4698896
replica_03,head_any,30,7.25,7.5,7.375,3626,3750,125,5.160992
replica_03,tail_contacts,30,7.25,7.5,7.375,3626,3750,125,18.368
replica_03,tail_waters,30,7.25,7.5,7.375,3626,3750,125,33.544
replica_03,head_contact_fraction,30,7.25,7.5,7.375,3626,3750,125,0.56
replica_03,rmsd,31,7.5,7.75,7.625,3751,3875,125,2.3159872
replica_03,rg,31,7.5,7.75,7.625,3751,3875,125,9.460325600000001
replica_03,head_any,31,7.5,7.75,7.625,3751,3875,125,4.8068800000000005
replica_03,tail_contacts,31,7.5,7.75,7.625,3751,3875,125,18.256
replica_03,tail_waters,31,7.5,7.75,7.625,3751,3875,125,34.056
replica_03,head_contact_fraction,31,7.5,7.75,7.625,3751,3875,125,0.688
replica_03,rmsd,32,7.75,8.0,7.875,3876,4000,125,2.8404776000000003
replica_03,rg,32,7.75,8.0,7.875,3876,4000,125,9.322023999999999
replica_03,head_any,32,7.75,8.0,7.875,3876,4000,125,4.518903999999999
replica_03,tail_contacts,32,7.75,8.0,7.875,3876,4000,125,17.608
replica_03,tail_waters,32,7.75,8.0,7.875,3876,4000,125,33.2
replica_03,head_contact_fraction,32,7.75,8.0,7.875,3876,4000,125,0.896
replica_03,rmsd,33,8.0,8.25,8.125,4001,4125,125,3.168272
replica_03,rg,33,8.0,8.25,8.125,4001,4125,125,9.3929472
replica_03,head_any,33,8.0,8.25,8.125,4001,4125,125,5.52972
replica_03,tail_contacts,33,8.0,8.25,8.125,4001,4125,125,16.976
replica_03,tail_waters,33,8.0,8.25,8.125,4001,4125,125,38.808
replica_03,head_contact_fraction,33,8.0,8.25,8.125,4001,4125,125,0.328
replica_03,rmsd,34,8.25,8.5,8.375,4126,4250,125,3.1094008
replica_03,rg,34,8.25,8.5,8.375,4126,4250,125,9.3515736
replica_03,head_any,34,8.25,8.5,8.375,4126,4250,125,4.855888
replica_03,tail_contacts,34,8.25,8.5,8.375,4126,4250,125,16.448
replica_03,tail_waters,34,8.25,8.5,8.375,4126,4250,125,41.24
replica_03,head_contact_fraction,34,8.25,8.5,8.375,4126,4250,125,0.616
replica_03,rmsd,35,8.5,8.75,8.625,4251,4375,125,3.3218528000000003
replica_03,rg,35,8.5,8.75,8.625,4251,4375,125,9.227523999999999
replica_03,head_any,35,8.5,8.75,8.625,4251,4375,125,4.549808
replica_03,tail_contacts,35,8.5,8.75,8.625,4251,4375,125,17.912
replica_03,tail_waters,35,8.5,8.75,8.625,4251,4375,125,34.088
replica_03,head_contact_fraction,35,8.5,8.75,8.625,4251,4375,125,0.84
replica_03,rmsd,36,8.75,9.0,8.875,4376,4500,125,4.3472744
replica_03,rg,36,8.75,9.0,8.875,4376,4500,125,9.024715200000001
replica_03,head_any,36,8.75,9.0,8.875,4376,4500,125,4.74976
replica_03,tail_contacts,36,8.75,9.0,8.875,4376,4500,125,20.096
replica_03,tail_waters,36,8.75,9.0,8.875,4376,4500,125,31.944
replica_03,head_contact_fraction,36,8.75,9.0,8.875,4376,4500,125,0.72
replica_03,rmsd,37,9.0,9.25,9.125,4501,4625,125,4.1870352
replica_03,rg,37,9.0,9.25,9.125,4501,4625,125,9.033443199999999
replica_03,head_any,37,9.0,9.25,9.125,4501,4625,125,5.012128
replica_03,tail_contacts,37,9.0,9.25,9.125,4501,4625,125,23.296
replica_03,tail_waters,37,9.0,9.25,9.125,4501,4625,125,29.36
replica_03,head_contact_fraction,37,9.0,9.25,9.125,4501,4625,125,0.584
replica_03,rmsd,38,9.25,9.5,9.375,4626,4750,125,4.3837616
replica_03,rg,38,9.25,9.5,9.375,4626,4750,125,8.9982696
replica_03,head_any,38,9.25,9.5,9.375,4626,4750,125,4.563776
replica_03,tail_contacts,38,9.25,9.5,9.375,4626,4750,125,27.376
replica_03,tail_waters,38,9.25,9.5,9.375,4626,4750,125,28.456
replica_03,head_contact_fraction,38,9.25,9.5,9.375,4626,4750,125,0.832
replica_03,rmsd,39,9.5,9.75,9.625,4751,4875,125,4.2762215999999995
replica_03,rg,39,9.5,9.75,9.625,4751,4875,125,9.028883200000001
replica_03,head_any,39,9.5,9.75,9.625,4751,4875,125,4.2352479999999995
replica_03,tail_contacts,39,9.5,9.75,9.625,4751,4875,125,26.112
replica_03,tail_waters,39,9.5,9.75,9.625,4751,4875,125,28.312
replica_03,head_contact_fraction,39,9.5,9.75,9.625,4751,4875,125,0.976
replica_03,rmsd,40,9.75,10.0,9.875,4876,5000,125,4.6535672
replica_03,rg,40,9.75,10.0,9.875,4876,5000,125,8.873715200000001
replica_03,head_any,40,9.75,10.0,9.875,4876,5000,125,4.84908
replica_03,tail_contacts,40,9.75,10.0,9.875,4876,5000,125,21.168
replica_03,tail_waters,40,9.75,10.0,9.875,4876,5000,125,30.432
replica_03,head_contact_fraction,40,9.75,10.0,9.875,4876,5000,125,0.72
