group,species,solvent,xyz,render,red_O_atom,red_H_atom,red_A,blue_O_atom,blue_H_atom,blue_A
A,PFOA⁻,water,01_main_text_figures/Figure_04_BTMA_exchange_and_structures/input_structures/r2SCAN-3c_PFOA.xyz,01_main_text_figures/Figure_03_DFT_structure_atlas/pymol_structure_renders/A_r2SCAN-3c_PFOA.png,44,18,2.770,43,22,3.026
A,PFOS⁻,water,01_main_text_figures/Figure_04_BTMA_exchange_and_structures/input_structures/r2SCAN-3c_PFOS.xyz,01_main_text_figures/Figure_03_DFT_structure_atlas/pymol_structure_renders/A_r2SCAN-3c_PFOS.png,47,14,2.836,47,19,2.858
A,6:2 FTCA⁻,water,01_main_text_figures/Figure_04_BTMA_exchange_and_structures/input_structures/r2SCAN-3c_6-2_FTCA.xyz,01_main_text_figures/Figure_03_DFT_structure_atlas/pymol_structure_renders/A_r2SCAN-3c_6-2_FTCA.png,41,18,2.828,41,22,2.833
A,PFHxA⁻,water,01_main_text_figures/Figure_04_BTMA_exchange_and_structures/input_structures/r2SCAN-3c_PFHxA.xyz,01_main_text_figures/Figure_03_DFT_structure_atlas/pymol_structure_renders/A_r2SCAN-3c_PFHxA.png,40,18,2.537,39,22,2.849
B,PFOA⁻,water,01_main_text_figures/Figure_04_BTMA_exchange_and_structures/input_structures/wB97X-D3_PFOA.xyz,01_main_text_figures/Figure_03_DFT_structure_atlas/pymol_structure_renders/B_wB97X-D3_PFOA.png,44,18,2.761,43,22,3.035
B,PFOS⁻,water,01_main_text_figures/Figure_04_BTMA_exchange_and_structures/input_structures/wB97X-D3_PFOS.xyz,01_main_text_figures/Figure_03_DFT_structure_atlas/pymol_structure_renders/B_wB97X-D3_PFOS.png,47,14,2.825,47,19,2.891
B,6:2 FTCA⁻,water,01_main_text_figures/Figure_04_BTMA_exchange_and_structures/input_structures/wB97X-D3_6-2_FTCA.xyz,01_main_text_figures/Figure_03_DFT_structure_atlas/pymol_structure_renders/B_wB97X-D3_6-2_FTCA.png,41,18,2.828,42,22,2.832
B,PFHxA⁻,water,01_main_text_figures/Figure_04_BTMA_exchange_and_structures/input_structures/wB97X-D3_PFHxA.xyz,01_main_text_figures/Figure_03_DFT_structure_atlas/pymol_structure_renders/B_wB97X-D3_PFHxA.png,40,18,2.480,40,22,2.862
C,PFOA⁻,water,01_main_text_figures/Figure_09_model_size_exchange/input_structures/r2SCAN-3c_PFOA.xyz,01_main_text_figures/Figure_03_DFT_structure_atlas/pymol_structure_renders/C_r2SCAN-3c_PFOA.png,71,46,2.652,71,38,2.886
C,PFOS⁻,water,01_main_text_figures/Figure_09_model_size_exchange/input_structures/r2SCAN-3c_PFOS.xyz,01_main_text_figures/Figure_03_DFT_structure_atlas/pymol_structure_renders/C_r2SCAN-3c_PFOS.png,75,29,2.803,75,24,2.867
C,6:2 FTCA⁻,water,01_main_text_figures/Figure_09_model_size_exchange/input_structures/r2SCAN-3c_6-2_FTCA.xyz,01_main_text_figures/Figure_03_DFT_structure_atlas/pymol_structure_renders/C_r2SCAN-3c_6-2_FTCA.png,70,30,2.588,70,43,2.690
C,PFHxA⁻,water,01_main_text_figures/Figure_09_model_size_exchange/input_structures/r2SCAN-3c_PFHxA.xyz,01_main_text_figures/Figure_03_DFT_structure_atlas/pymol_structure_renders/C_r2SCAN-3c_PFHxA.png,68,46,2.510,68,44,2.839
D,PFOA⁻,water,01_main_text_figures/Figure_09_model_size_exchange/input_structures/wB97X-D3_PFOA.xyz,01_main_text_figures/Figure_03_DFT_structure_atlas/pymol_structure_renders/D_wB97X-D3_PFOA.png,71,46,2.636,71,38,2.848
D,PFOS⁻,water,01_main_text_figures/Figure_09_model_size_exchange/input_structures/wB97X-D3_PFOS.xyz,01_main_text_figures/Figure_03_DFT_structure_atlas/pymol_structure_renders/D_wB97X-D3_PFOS.png,75,29,2.811,75,24,2.831
D,6:2 FTCA⁻,water,01_main_text_figures/Figure_09_model_size_exchange/input_structures/wB97X-D3_6-2_FTCA.xyz,01_main_text_figures/Figure_03_DFT_structure_atlas/pymol_structure_renders/D_wB97X-D3_6-2_FTCA.png,70,30,2.592,70,43,2.654
D,PFHxA⁻,water,01_main_text_figures/Figure_09_model_size_exchange/input_structures/wB97X-D3_PFHxA.xyz,01_main_text_figures/Figure_03_DFT_structure_atlas/pymol_structure_renders/D_wB97X-D3_PFHxA.png,68,46,2.497,68,44,2.797
E,PFOA⁻,1-octanol,01_main_text_figures/Figure_10_PFOA_water_octanol_exchange/input_data/octanol_PFOA_complex.xyz,01_main_text_figures/Figure_03_DFT_structure_atlas/pymol_structure_renders/E_octanol_PFOA_complex.png,71,38,2.385,71,46,2.437
