movie_frame,chunk,source_frame,time_ns
0,1,0,0.002
1,1,50,0.102
2,1,100,0.202
3,1,150,0.302
4,1,200,0.402
5,1,250,0.502
6,1,300,0.602
7,1,350,0.702
8,1,400,0.802
9,1,450,0.902
10,2,0,1.002
11,2,50,1.102
12,2,100,1.202
13,2,150,1.302
14,2,200,1.402
15,2,250,1.502
16,2,300,1.602
17,2,350,1.702
18,2,400,1.802
19,2,450,1.902
20,3,0,2.002
21,3,50,2.102
22,3,100,2.202
23,3,150,2.302
24,3,200,2.402
25,3,250,2.502
26,3,300,2.602
27,3,350,2.702
28,3,400,2.802
29,3,450,2.902
30,4,0,3.002
31,4,50,3.102
32,4,100,3.202
33,4,150,3.302
34,4,200,3.402
35,4,250,3.502
36,4,300,3.602
37,4,350,3.702
38,4,400,3.802
39,4,450,3.902
40,5,0,4.002
41,5,50,4.102
42,5,100,4.202
43,5,150,4.302
44,5,200,4.402
45,5,250,4.502
46,5,300,4.602
47,5,350,4.702
48,5,400,4.802
49,5,450,4.902
50,6,0,5.002
51,6,50,5.102
52,6,100,5.202
53,6,150,5.302
54,6,200,5.402
55,6,250,5.502
56,6,300,5.602
57,6,350,5.702
58,6,400,5.802
59,6,450,5.902
60,7,0,6.002
61,7,50,6.102
62,7,100,6.202
63,7,150,6.302
64,7,200,6.402
65,7,250,6.502
66,7,300,6.602
67,7,350,6.702
68,7,400,6.802
69,7,450,6.902
70,8,0,7.002
71,8,50,7.102
72,8,100,7.202
73,8,150,7.302
74,8,200,7.402
75,8,250,7.502
76,8,300,7.602
77,8,350,7.702
78,8,400,7.802
79,8,450,7.902
80,9,0,8.002
81,9,50,8.102
82,9,100,8.202
83,9,150,8.302
84,9,200,8.402
85,9,250,8.502
86,9,300,8.602
87,9,350,8.702
88,9,400,8.802
89,9,450,8.902
90,10,0,9.002
91,10,50,9.102
92,10,100,9.202
93,10,150,9.302
94,10,200,9.402
95,10,250,9.502
96,10,300,9.602
97,10,350,9.702
98,10,400,9.802
99,10,450,9.902
100,10,499,10.000
