series,PFAS,DeltaE_exchange_Eh,DeltaG_exchange_Eh,DeltaE_exchange_kcalmol,DeltaG_exchange_kcalmol
BTMA_wB97X-D3,FHEA,0.0002845837126983497,0.008893439999837938,0.17857897586430851,5.580717856348864
BTMA_wB97X-D3,PFHxA,-0.0028004438500488504,0.007240459999934501,-1.7573050473106888,4.5434572460769385
BTMA_wB97X-D3,PFOA,-0.0016704681950727716,0.009130679999998392,-1.0482346184238442,5.729588204061311
BTMA_wB97X-D3,PFOS,-0.00010008859800336722,0.009607629999891287,-0.06280654348649041,6.028878847618401
ExtendedMonomer_Octanol72.5,PFOA,-0.0167414653788569,-0.0028532300000279065,-10.505428133875704,-1.7904288565185316
ExtendedMonomer_Octanol72.5,PFOS,-0.015480646745174909,-0.0008354699996289128,-9.714252496244518,-0.5242653400099192
ExtendedMonomer_Water,FHEA,-0.010842083298996386,0.0030329100002290943,-6.803509988017407,1.9031797589330988
ExtendedMonomer_Water,PFHxA,-0.011272279699198862,0.0026735599999483384,-7.0734623048251555,1.6776842292750218
ExtendedMonomer_Water,PFOA,-0.015206944230214958,-0.000723310000012134,-9.542501575049522,-0.45388387764655413
ExtendedMonomer_Water,PFOS,-0.014530748960908113,0.001665279999770064,-9.118182637285496,1.044978976718433
