section,file,single_point_Eh,gibbs_Eh,role,species,solvent
1-5-2_ExtFreqGlobMin/wb,D:\Work\RZ_ORCA_PFASRemoval\1-6_ExtFreqGlobMin\wb\1_R4N+X-_freqGMwb\R4N+FHEA-_freqGMwb\R4N+FHEA-_freqGMwb.out,-2667.277650979505,-2666.7369246,R4N+X-,FHEA,water
1-5-2_ExtFreqGlobMin/wb,D:\Work\RZ_ORCA_PFASRemoval\1-6_ExtFreqGlobMin\wb\1_R4N+X-_freqGMwb\R4N+PFHxA-_freqGMwb\R4N+PFHxA-_freqGMwb.out,-2390.127333629396,-2389.62375647,R4N+X-,PFHxA,water
1-5-2_ExtFreqGlobMin/wb,D:\Work\RZ_ORCA_PFASRemoval\1-6_ExtFreqGlobMin\wb\1_R4N+X-_freqGMwb\R4N+PFOA-_freqGMwb\R4N+PFOA-_freqGMwb.out,-2865.791899333968,-2865.26946538,R4N+X-,PFOA,water
1-5-2_ExtFreqGlobMin/wb,D:\Work\RZ_ORCA_PFASRemoval\1-6_ExtFreqGlobMin\wb\1_R4N+X-_freqGMwb\R4N+PFOS-_freqGMwb\R4N+PFOS-_freqGMwb.out,-3538.944164571592,-3538.4092408,R4N+X-,PFOS,water
1-5-2_ExtFreqGlobMin/wb,D:\Work\RZ_ORCA_PFASRemoval\1-6_ExtFreqGlobMin\wb\2_R4N+Cl-_freqGMwb\R4N+Cl-_freqGMwb.out,-1372.713160371018,-1372.26934478,R4N+Cl-,Cl,water
1-5-2_ExtFreqGlobMin/wb,D:\Work\RZ_ORCA_PFASRemoval\1-6_ExtFreqGlobMin\wb\3_X-_freqGMwb\FHEA_freqGMwb\FHEA_freqGMwbr2.out,-1754.938877499405,-1754.87158616,X-,FHEA,water
1-5-2_ExtFreqGlobMin/wb,D:\Work\RZ_ORCA_PFASRemoval\1-6_ExtFreqGlobMin\wb\3_X-_freqGMwb\PFHxA_freqGMwb\PFHxA_freqGMwb.out,-1477.788129952896,-1477.75805868,X-,PFHxA,water
1-5-2_ExtFreqGlobMin/wb,D:\Work\RZ_ORCA_PFASRemoval\1-6_ExtFreqGlobMin\wb\3_X-_freqGMwb\PFOA_freqGMwb\PFOA_freqGMwb.out,-1953.448760992937,-1953.40037072,X-,PFOA,water
1-5-2_ExtFreqGlobMin/wb,D:\Work\RZ_ORCA_PFASRemoval\1-6_ExtFreqGlobMin\wb\3_X-_freqGMwb\PFOS_freqGMwb\PFOS_freqGMwbr2.out,-2626.60170242583,-2626.54253473,X-,PFOS,water
1-5-3_OtherSolvents,D:\Work\RZ_ORCA_PFASRemoval\1-7_OtherSolvents\Octanol_epsilon72.5\Freq\wb\1_R4N+X-\R4N+PFOA-\R4N+PFOA-.out,-2865.814439350144,-2865.29330626,R4N+X-,PFOA,octanol72.5
1-5-3_OtherSolvents,D:\Work\RZ_ORCA_PFASRemoval\1-7_OtherSolvents\Octanol_epsilon72.5\Freq\wb\1_R4N+X-\R4N+PFOS-\R4N+PFOS-.out,-3538.966119964403,-3538.43345251,R4N+X-,PFOS,octanol72.5
1-5-3_OtherSolvents,D:\Work\RZ_ORCA_PFASRemoval\1-7_OtherSolvents\Octanol_epsilon72.5\Freq\wb\2_R4N+Cl-\R4N+Cl-.out,-1372.734165866045,-1372.29105574,R4N+Cl-,Cl,octanol72.5
