PFAS,series,Bond Energy,Sum of listed terms,Bond minus listed,Complex SMD CDS,Residual minus complex CDS,Source ORCA output
FHEA,BTMA_r2SCAN-3c,5.714036762270072,-10.448767618444993,16.162804380715066,16.162765195020008,3.91856950585634e-05,01_Calculations/01_BTMA/03_EDA/r2scan-3c/R4N+FHEA-_r2/R4N+FHEA-_r2.out
PFHxA,BTMA_r2SCAN-3c,-5.008687373560163,-18.65499408749704,13.646306713936877,13.646304811472477,1.9024643993503787e-06,01_Calculations/01_BTMA/03_EDA/r2scan-3c/R4N+PFHxA-_r2/R4N+PFHxA-_r2.out
PFOA,BTMA_r2SCAN-3c,-4.114734051099551,-20.102582766372475,15.987848715272925,15.987848800225157,-8.495223191573587e-08,01_Calculations/01_BTMA/03_EDA/r2scan-3c/R4N+PFOA-_r2/R4N+PFOA-_r2.out
PFOS,BTMA_r2SCAN-3c,-3.323353615511821,-18.788341984254245,15.464988368742425,15.464988372463559,-3.7211336234577175e-09,01_Calculations/01_BTMA/03_EDA/r2scan-3c/R4N+PFOS-_r2/R4N+PFOS-_r2.out
FHEA,BTMA_wB97X-D3,-2.9212779240614797,-19.00601334910864,16.084735425047157,16.07832773645088,0.006407688596276273,01_Calculations/01_BTMA/03_EDA/wb97x-d3/R4N+FHEA-_wb/R4N+FHEA-_wb.out
PFHxA,BTMA_wB97X-D3,-5.27955384604258,-18.862343423511692,13.582789577469113,13.572101287087364,0.0106882903817489,01_Calculations/01_BTMA/03_EDA/wb97x-d3/R4N+PFHxA-_wb/R4N+PFHxA-_wb.out
PFOA,BTMA_wB97X-D3,-4.391151472388972,-20.307707142045167,15.916555669656194,15.904021596815777,0.012534072840416854,01_Calculations/01_BTMA/03_EDA/wb97x-d3/R4N+PFOA-_wb/R4N+PFOA-_wb.out
PFOS,BTMA_wB97X-D3,-3.6644837043188607,-18.99310497722087,15.328621272902009,15.343014134251117,-0.014392861349108443,01_Calculations/01_BTMA/03_EDA/wb97x-d3/R4N+PFOS-_wb/R4N+PFOS-_wb.out
PFOA,DVB_BTMA_Octanol,-8.237120517483584,-10.946728200794341,2.7096076833107574,2.673233787024613,0.036373896286144625,01_Calculations/02_Extended_Monomer/octanol_72.5/03_EDA/wb97x-d3/R4N+PFOA-/R4N+PFOA-.out
PFOS,DVB_BTMA_Octanol,-7.930002257929661,-10.780084463093829,2.850082205164168,2.8047559545492913,0.045326250614876606,01_Calculations/02_Extended_Monomer/octanol_72.5/03_EDA/wb97x-d3/R4N+PFOS-/R4N+PFOS-.out
FHEA,DVB_BTMA_Water,-10.102441813944187,-27.423106156524277,17.320664342580088,17.28297912859528,0.037685213984808286,01_Calculations/02_Extended_Monomer/water/03_EDA/wb97x-d3/R4N+FHEA-_EDA/R4N+FHEA-_EDA.out
PFHxA,DVB_BTMA_Water,-8.708419289048763,-25.264875485782355,16.556456196733592,16.528802832225583,0.027653364508008593,01_Calculations/02_Extended_Monomer/water/03_EDA/wb97x-d3/R4N+PFHxA-_EDA/R4N+PFHxA-_EDA.out
PFOA,DVB_BTMA_Water,-10.87544538358204,-29.078489138382373,18.203043754800333,18.166763083994848,0.03628067080548547,01_Calculations/02_Extended_Monomer/water/03_EDA/wb97x-d3/R4N+PFOA-_EDA/R4N+PFOA-_EDA.out
PFOS,DVB_BTMA_Water,-10.806317622156303,-28.043152095591445,17.23683447343514,17.190268160893158,0.046566312541983734,01_Calculations/02_Extended_Monomer/water/03_EDA/wb97x-d3/R4N+PFOS-_EDA/R4N+PFOS-_EDA.out
