replica,metric,ess,early_mean,late_mean,standardized_shift,ess_pass,shift_pass,replica_mean_range,pooled_within_sd,replica_spread_ratio,replica_spread_pass
replica_01,rg,17.87778095662472,9.581197,9.418598600000001,0.6074726087592286,False,False,0.04235539999999993,0.2504330654068603,0.16912862497285736,True
replica_02,rg,11.515684868042815,9.607657,9.119898,1.8451124335287414,False,False,0.04235539999999993,0.2504330654068603,0.16912862497285736,True
replica_03,rg,20.02589407614557,9.461221799999999,8.983577799999999,2.21206545166851,True,False,0.04235539999999993,0.2504330654068603,0.16912862497285736,True
replica_01,end_to_end,13.418446620275239,23.3498074,25.949313199999995,1.1049430505483149,False,False,1.48348644,2.292455703997192,0.6471167305057848,True
replica_02,end_to_end,35.03450235760585,23.8988782,22.998337199999998,0.564007165608984,True,False,1.48348644,2.292455703997192,0.6471167305057848,True
replica_03,end_to_end,5.917589325522786,23.9003328,18.3576558,1.9997987880241113,False,False,1.48348644,2.292455703997192,0.6471167305057848,True
replica_01,head_any,212.31851563581165,5.176436,4.98624,0.2076085027051164,True,True,0.11021180000000008,0.900893519009773,0.1223361004096695,True
replica_02,head_any,163.64909702671184,5.477406,4.8751880000000005,0.6872227205178216,True,False,0.11021180000000008,0.900893519009773,0.1223361004096695,True
replica_03,head_any,38.360054423141214,5.194834000000001,4.665058000000001,0.5823392416858361,True,False,0.11021180000000008,0.900893519009773,0.1223361004096695,True
replica_01,pfoa_polymer,54.658322186070066,2.975072,3.086926,0.7791685312527113,True,False,0.039924800000000094,0.13587708765489706,0.29383026004650453,True
replica_02,pfoa_polymer,288.1420937411734,2.979294,3.038438,0.4212243446670482,True,True,0.039924800000000094,0.13587708765489706,0.29383026004650453,True
replica_03,pfoa_polymer,1710.2190787676093,3.0096420000000004,2.9488360000000005,0.49541250818766813,True,True,0.039924800000000094,0.13587708765489706,0.29383026004650453,True
