replica,metric,n,mean,sd,min,max,iat_frames,iat_ps,ess
replica_01,rmsd,5000,4.6848818,0.8148754589012139,0.0,7.0406,172.0920079181798,344.1840158363596,14.52711273604647
replica_01,rg,5000,9.33492262,0.26766375578992446,8.3307,10.0825,139.83838408500077,279.67676817000154,17.87778095662472
replica_01,end_to_end,5000,24.71403958,2.3526151856514432,15.8298,29.8691,186.31068638172368,372.62137276344737,13.418446620275239
replica_01,head_selected,5000,8.7214334,2.911661912548062,3.526,19.21,164.75787897671142,329.51575795342285,15.173781160131199
replica_01,head_any,5000,5.1647974,0.9161281812727652,3.268,9.653,11.774762048017664,23.549524096035327,212.31851563581165
replica_01,pfoa_polymer,5000,3.0058452,0.14355559229293616,2.584,3.748,45.73868900493138,91.47737800986276,54.658322186070066
replica_01,polymer_image,5000,29.270682039999997,2.4967528328857753,19.1981,34.8654,112.47772341701923,224.95544683403847,22.22662340640618
replica_01,pfoa_image,5000,45.6246846,1.4390370677169135,40.7415,48.0049,71.55521506867181,143.11043013734363,34.93805444649618
replica_01,tail_contacts,5000,16.2712,4.646371521269336,1.0,31.0,149.5024630649894,299.0049261299788,16.722132523751387
replica_01,tail_waters,5000,37.4054,5.746934512525635,21.0,63.0,142.8222200082834,285.6444400165668,17.50427909505261
replica_02,rmsd,5000,3.80429528,1.0087283366363553,0.0,6.4636,475.39621235260137,950.7924247052027,5.258771389086605
replica_02,rg,5000,9.31150792,0.26435191218519455,8.4441,10.1198,217.09520785322562,434.19041570645123,11.515684868042815
replica_02,end_to_end,5000,23.715608640000003,1.59668361487508,17.7668,27.9602,71.3582277973262,142.7164555946524,35.03450235760585
replica_02,head_selected,5000,11.1577224,4.629529086597358,3.53,23.335,687.9447765540863,1375.8895531081725,3.6340126202025895
replica_02,head_any,5000,5.1484820000000004,0.8763068827908208,3.314,8.231,15.276589027508868,30.553178055017735,163.64909702671184
replica_02,pfoa_polymer,5000,3.0135342,0.14040973829931405,2.611,3.719,8.6762748459989,17.3525496919978,288.1420937411734
replica_02,polymer_image,5000,28.02557952,3.097865629517891,18.3227,35.8946,123.87942906339732,247.75885812679465,20.180913158072308
replica_02,pfoa_image,5000,45.4767581,1.5525750177287811,40.5835,48.1094,99.80633017808704,199.61266035617408,25.048511407434628
replica_02,tail_contacts,5000,15.492,4.123655769748668,1.0,32.0,60.601556160538294,121.20311232107659,41.25306606611393
replica_02,tail_waters,5000,36.0572,4.96681608401222,22.0,53.0,92.82869754615912,185.65739509231824,26.93132690735937
replica_03,rmsd,5000,4.049282359999999,0.8320107063805949,0.0,6.263,262.0982465751187,524.1964931502374,9.538407954528179
replica_03,rg,5000,9.29256722,0.21592670309087095,8.62,10.0145,124.83837128540235,249.6767425708047,20.02589407614557
replica_03,end_to_end,5000,23.23055314,2.771617341300826,15.1474,28.0718,422.4693304108492,844.9386608216984,5.917589325522786
replica_03,head_selected,5000,8.0087834,2.509503174200165,3.472,18.954,375.8503575300841,751.7007150601682,6.651583402577694
replica_03,head_any,5000,5.0545856,0.9097377646512904,3.298,8.181,65.17196176061319,130.34392352122637,38.360054423141214
replica_03,pfoa_polymer,5000,2.9736094,0.12273812024335462,2.582,3.508,1.4618010236451753,2.9236020472903506,1710.2190787676093
replica_03,polymer_image,5000,30.24050492,2.684327211736253,21.2031,35.9831,85.64208522582601,171.28417045165202,29.191255600653058
replica_03,pfoa_image,5000,45.10434942,1.7870251909232457,40.8679,48.0078,134.06781747629594,268.1356349525919,18.647279019381486
replica_03,tail_contacts,5000,18.008,4.28144860537086,3.0,35.0,124.66684734684777,249.33369469369555,20.053446872242677
replica_03,tail_waters,5000,36.226,4.893926246156614,21.0,51.0,147.70347425100312,295.40694850200623,16.9258036256586
