file,functional,role,species,single_point_Eh,gibbs_Eh
/mnt/d/Work/RZ_ORCA_PFASRemoval/01-0-Selectivity/1_Opt_0.15M/1_R4N+X-_0.15M/R4N+FHEA-_0.15M/R4N+FHEA-_0.15M.out,r2SCAN-3c,R4N+X-,FHEA,-2199.764389580309,-2199.47078192
/mnt/d/Work/RZ_ORCA_PFASRemoval/01-0-Selectivity/1_Opt_0.15M/1_R4N+X-_0.15M/R4N+PFHxA-_0.15M/R4N+PFHxA-_0.15M.out,r2SCAN-3c,R4N+X-,PFHxA,-1922.676121647777,-1922.41786628
/mnt/d/Work/RZ_ORCA_PFASRemoval/01-0-Selectivity/1_Opt_0.15M/1_R4N+X-_0.15M/R4N+PFOA-_0.15M/R4N+PFOA-_0.15M.out,r2SCAN-3c,R4N+X-,PFOA,-2398.242098977966,-2397.96515453
/mnt/d/Work/RZ_ORCA_PFASRemoval/01-0-Selectivity/1_Opt_0.15M/1_R4N+X-_0.15M/R4N+PFOS-_0.15M/R4N+PFOS-_0.15M.out,r2SCAN-3c,R4N+X-,PFOS,-3071.263984705567,-3070.97953381
/mnt/d/Work/RZ_ORCA_PFASRemoval/01-0-Selectivity/1_Opt_0.15M/2_R4N+Cl-_0.15M/R4N+Cl-_0.15M.out,r2SCAN-3c,R4N+Cl-,Cl,-905.517886846123,-905.31500817
/mnt/d/Work/RZ_ORCA_PFASRemoval/01-0-Selectivity/1_Opt_0.15M/3_X-_0.15M/FHEA_0.15M/FHEA_0.15M.out,r2SCAN-3c,X-,FHEA,-1754.590197254154,-1754.52647219
/mnt/d/Work/RZ_ORCA_PFASRemoval/01-0-Selectivity/1_Opt_0.15M/3_X-_0.15M/PFHxA_0.15M/PFHxA_0.15M.out,r2SCAN-3c,X-,PFHxA,-1477.499356306281,-1477.47120355
/mnt/d/Work/RZ_ORCA_PFASRemoval/01-0-Selectivity/1_Opt_0.15M/3_X-_0.15M/PFOA_0.15M/PFOA_0.15M.out,r2SCAN-3c,X-,PFOA,-1953.066502525915,-1953.02071754
/mnt/d/Work/RZ_ORCA_PFASRemoval/01-0-Selectivity/1_Opt_0.15M/3_X-_0.15M/PFOS_0.15M/PFOS_0.15M.out,r2SCAN-3c,X-,PFOS,-2626.089844333014,-2626.03564535
/mnt/d/Work/RZ_ORCA_PFASRemoval/01-0-Selectivity/1_Opt_0.15M/4_Cl-_0.15M/Cl-_0.15M.out,r2SCAN-3c,Cl-,Cl,-460.345405067028,-460.36114952
/mnt/d/Work/RZ_ORCA_PFASRemoval/01-0-Selectivity/2-1_Freq_wb/1_R4N+X-_wb/R4N+FHEA-_wb/R4N+FHEA-_wb.out,wB97X-D3,R4N+X-,FHEA,-2200.289787524607,-2199.99167612
/mnt/d/Work/RZ_ORCA_PFASRemoval/01-0-Selectivity/2-1_Freq_wb/1_R4N+X-_wb/R4N+PFHxA-_wb/R4N+PFHxA-_wb.out,wB97X-D3,R4N+X-,PFHxA,-1923.137309076471,-1922.87422607
/mnt/d/Work/RZ_ORCA_PFASRemoval/01-0-Selectivity/2-1_Freq_wb/1_R4N+X-_wb/R4N+PFOA-_wb/R4N+PFOA-_wb.out,wB97X-D3,R4N+X-,PFOA,-2398.793370784731,-2398.51089463
/mnt/d/Work/RZ_ORCA_PFASRemoval/01-0-Selectivity/2-1_Freq_wb/1_R4N+X-_wb/R4N+PFOS-_wb/R4N+PFOS-_wb.out,wB97X-D3,R4N+X-,PFOS,-3071.948356352467,-3071.65679623
/mnt/d/Work/RZ_ORCA_PFASRemoval/01-0-Selectivity/2-1_Freq_wb/2_R4N+Cl-_wb/R4N+Cl-_wb.out,wB97X-D3,R4N+Cl-,Cl,-905.73115143515,-905.52436385
/mnt/d/Work/RZ_ORCA_PFASRemoval/01-0-Selectivity/2-1_Freq_wb/3_X-_wb/FHEA_wb/FHEA_wb.out,wB97X-D3,X-,FHEA,-1754.944149647387,-1754.87717914
/mnt/d/Work/RZ_ORCA_PFASRemoval/01-0-Selectivity/2-1_Freq_wb/3_X-_wb/PFHxA_wb/PFHxA_wb.out,wB97X-D3,X-,PFHxA,-1477.788586171688,-1477.75807611
/mnt/d/Work/RZ_ORCA_PFASRemoval/01-0-Selectivity/2-1_Freq_wb/3_X-_wb/PFOA_wb/PFOA_wb.out,wB97X-D3,X-,PFOA,-1953.445777855603,-1953.39663489
/mnt/d/Work/RZ_ORCA_PFASRemoval/01-0-Selectivity/2-1_Freq_wb/3_X-_wb/PFOS_wb/PFOS_wb.out,wB97X-D3,X-,PFOS,-2626.602333802936,-2626.54301344
/mnt/d/Work/RZ_ORCA_PFASRemoval/01-0-Selectivity/2-1_Freq_wb/4_Cl-_wb/Cl-_wb.out,wB97X-D3,Cl-,Cl,-460.385228974217,-460.40097343
