segment_frame_1based,production_frame_1based,time_ns,pfoa_carboxylate_O_nearest_resin_N_A,pfoa_carboxylate_O_selected_N_A,pfoa_polymer_heavy_min_A,pfoa_tail_polymer_heavy_contacts_4A,pfoa_tail_waters_within_5A
1,4501,9.002,4.343,15.344,2.862,10,56
2,4502,9.004,4.688,14.244,2.993,8,50
3,4503,9.006,4.617,13.835,2.822,11,48
4,4504,9.008,4.685,12.25,3.159,6,50
5,4505,9.01,4.328,13.618,3.087,9,48
6,4506,9.012,4.735,12.494,3.22,8,47
7,4507,9.014,5.973,11.493,3.149,6,53
8,4508,9.016,5.719,10.67,2.784,12,58
9,4509,9.018,4.476,12.043,2.829,5,55
10,4510,9.02,4.475,12.145,3.071,6,51
11,4511,9.022,5.471,11.824,3.668,1,52
12,4512,9.024,6.35,12.618,3.134,7,55
13,4513,9.026,6.131,14.002,3.073,8,50
14,4514,9.028,6.117,13.22,2.584,10,53
15,4515,9.03,4.884,12.026,3.293,5,52
16,4516,9.032,4.557,13.796,3.023,5,50
17,4517,9.034,4.717,15.373,2.787,9,59
18,4518,9.036,4.5,14.762,3.06,10,63
19,4519,9.038,4.193,15.304,2.938,9,59
20,4520,9.04,4.301,14.859,2.968,8,49
21,4521,9.042,4.948,15.626,3.112,7,52
22,4522,9.044,6.991,14.138,3.149,8,53
23,4523,9.046,7.4,14.201,3.259,11,50
24,4524,9.048,6.046,14.033,3.065,4,48
25,4525,9.05,5.3,13.775,2.816,10,50
26,4526,9.052,5.129,14.654,3.314,5,55
27,4527,9.054,4.794,14.989,3.1,6,47
28,4528,9.056,4.324,14.914,2.944,4,49
29,4529,9.058,4.521,15.294,3.044,5,53
30,4530,9.06,4.536,15.464,2.939,6,47
31,4531,9.062,4.397,15.419,2.932,3,53
32,4532,9.064,4.741,14.804,3.029,7,47
33,4533,9.066,3.658,14.555,3.024,6,49
34,4534,9.068,4.737,17.305,3.028,6,50
35,4535,9.07,4.945,16.479,3.035,4,53
36,4536,9.072,4.998,16.167,3.192,11,52
37,4537,9.074,4.147,15.001,2.955,12,54
38,4538,9.076,4.892,14.165,3.253,6,47
39,4539,9.078,6.358,15.698,3.079,12,47
40,4540,9.08,4.05,15.086,2.929,6,54
41,4541,9.082,4.279,13.908,3.042,5,51
42,4542,9.084,4.1,13.936,2.765,10,45
43,4543,9.086,4.353,15.371,3.073,11,48
44,4544,9.088,4.176,15.77,2.761,10,44
45,4545,9.09,4.206,15.679,3.078,10,45
46,4546,9.092,3.622,15.791,3.088,8,41
47,4547,9.094,3.979,15.387,3.096,9,49
48,4548,9.096,4.047,15.317,3.112,9,46
49,4549,9.098,3.792,15.002,2.947,11,47
50,4550,9.1,4.152,15.773,3.202,9,52
51,4551,9.102,4.358,14.952,3.163,13,47
52,4552,9.104,3.957,15.647,2.931,10,43
53,4553,9.106,3.862,13.734,2.856,8,49
54,4554,9.108,3.707,15.187,2.839,8,37
55,4555,9.11,3.321,15.513,3.065,7,42
56,4556,9.112,3.989,14.18,2.862,7,47
57,4557,9.114,3.838,14.566,2.968,10,44
58,4558,9.116,3.828,15.844,3.072,9,44
59,4559,9.118,3.844,16.032,2.892,10,44
60,4560,9.12,3.703,15.888,3.299,8,46
61,4561,9.122,3.47,16.764,3.202,7,49
62,4562,9.124,4.018,16.198,2.73,12,45
63,4563,9.126,4.429,15.602,3.328,4,46
64,4564,9.128,5.8,17.056,3.716,1,53
65,4565,9.13,5.313,16.058,3.0,4,49
66,4566,9.132,5.643,16.038,3.35,4,53
67,4567,9.134,5.679,15.697,3.135,6,51
68,4568,9.136,4.139,15.022,3.086,8,48
69,4569,9.138,3.706,14.548,3.09,5,53
70,4570,9.14,4.135,15.418,3.114,6,59
71,4571,9.142,4.256,13.903,3.237,1,54
72,4572,9.144,3.601,13.512,3.191,2,54
73,4573,9.146,4.026,14.18,2.977,5,52
74,4574,9.148,3.464,14.449,2.834,5,49
75,4575,9.15,3.811,14.427,2.877,6,50
76,4576,9.152,4.299,14.727,3.368,8,48
77,4577,9.154,4.763,15.473,3.189,9,46
78,4578,9.156,3.933,15.569,2.988,7,50
79,4579,9.158,4.337,16.53,2.886,4,51
80,4580,9.16,4.209,15.09,2.855,4,50
81,4581,9.162,4.29,15.059,2.857,4,52
82,4582,9.164,3.82,16.941,2.915,7,51
83,4583,9.166,3.875,16.093,3.114,7,53
84,4584,9.168,4.384,16.637,2.925,9,45
85,4585,9.17,3.862,16.539,3.017,12,45
86,4586,9.172,4.638,17.147,3.207,9,47
87,4587,9.174,4.022,15.721,2.866,7,48
88,4588,9.176,3.82,14.738,2.972,13,47
89,4589,9.178,3.796,14.989,3.2,9,48
90,4590,9.18,4.268,15.031,3.095,7,44
91,4591,9.182,4.309,15.853,2.967,11,48
92,4592,9.184,3.905,16.128,3.041,10,47
93,4593,9.186,3.599,16.615,3.076,8,47
94,4594,9.188,4.19,17.221,3.249,9,41
95,4595,9.19,4.488,16.823,3.122,9,47
96,4596,9.192,3.971,18.874,3.131,7,45
97,4597,9.194,4.212,19.21,2.855,15,47
98,4598,9.196,4.05,19.065,3.074,14,41
99,4599,9.198,3.858,17.922,3.033,14,44
100,4600,9.2,4.102,16.613,2.949,15,45
101,4601,9.202,3.835,18.024,3.06,16,42
102,4602,9.204,4.027,18.126,2.983,12,44
103,4603,9.206,3.702,17.237,3.14,15,42
104,4604,9.208,3.561,17.256,2.916,14,43
105,4605,9.21,4.034,18.58,2.947,13,44
106,4606,9.212,3.672,17.313,2.949,11,45
107,4607,9.214,4.55,17.321,3.012,12,45
108,4608,9.216,3.867,17.262,2.796,16,42
109,4609,9.218,3.587,17.468,2.909,15,47
110,4610,9.22,3.332,16.939,3.111,14,44
111,4611,9.222,3.791,18.261,3.228,13,48
112,4612,9.224,3.802,18.668,3.067,14,41
113,4613,9.226,4.278,16.963,2.895,15,46
114,4614,9.228,4.831,17.149,2.912,8,47
115,4615,9.23,4.445,17.893,2.861,9,40
116,4616,9.232,5.312,17.205,3.482,8,43
117,4617,9.234,4.567,17.228,2.991,7,43
118,4618,9.236,5.024,17.427,3.021,15,44
119,4619,9.238,4.584,16.257,2.787,16,46
120,4620,9.24,5.157,15.469,3.033,13,47
121,4621,9.242,5.104,16.397,3.074,16,39
122,4622,9.244,5.615,16.078,2.906,15,46
123,4623,9.246,5.182,15.74,3.02,13,48
124,4624,9.248,4.253,14.72,2.831,14,46
125,4625,9.25,4.595,14.423,3.11,15,43
126,4626,9.252,4.45,14.609,3.096,8,47
127,4627,9.254,4.264,15.353,3.01,14,46
128,4628,9.256,4.249,15.406,2.885,10,48
129,4629,9.258,4.044,14.605,3.051,12,46
130,4630,9.26,3.435,13.939,2.667,11,48
131,4631,9.262,3.853,14.332,3.085,9,50
132,4632,9.264,3.449,15.346,3.053,13,47
133,4633,9.266,4.21,14.487,3.118,8,48
134,4634,9.268,4.425,14.707,3.057,12,47
135,4635,9.27,4.753,15.022,2.923,9,47
136,4636,9.272,4.132,13.88,2.927,11,46
137,4637,9.274,4.221,16.008,2.904,10,48
138,4638,9.276,4.533,15.507,3.205,5,51
139,4639,9.278,4.413,14.566,2.9,14,51
140,4640,9.28,4.398,14.272,2.995,8,47
141,4641,9.282,4.473,13.586,2.893,5,50
142,4642,9.284,4.323,13.383,2.835,6,48
143,4643,9.286,4.955,14.048,3.104,7,50
144,4644,9.288,4.471,15.476,3.066,5,54
145,4645,9.29,5.089,15.977,2.903,9,47
146,4646,9.292,4.632,15.99,3.248,5,56
147,4647,9.294,5.711,16.001,2.947,9,48
148,4648,9.296,6.518,15.329,3.176,5,46
149,4649,9.298,6.199,15.207,3.348,4,51
150,4650,9.3,5.346,15.273,3.182,4,50
151,4651,9.302,5.46,16.266,3.191,4,57
152,4652,9.304,4.23,14.466,3.47,2,57
153,4653,9.306,5.389,14.16,3.343,5,49
154,4654,9.308,4.811,13.635,3.063,6,47
155,4655,9.31,5.46,13.958,3.532,3,48
156,4656,9.312,5.145,13.324,2.993,8,52
157,4657,9.314,5.407,12.801,3.255,5,59
158,4658,9.316,4.986,13.896,3.663,2,56
159,4659,9.318,6.567,12.822,3.14,8,51
160,4660,9.32,5.917,14.37,3.13,12,52
161,4661,9.322,5.186,14.733,3.085,10,55
162,4662,9.324,5.378,14.22,3.147,12,53
163,4663,9.326,6.134,13.698,3.231,12,47
164,4664,9.328,6.119,14.63,3.083,10,49
165,4665,9.33,6.707,14.867,2.926,11,52
166,4666,9.332,6.365,14.118,3.079,8,50
167,4667,9.334,7.007,16.036,2.819,5,50
168,4668,9.336,6.196,16.739,3.089,5,53
169,4669,9.338,7.522,16.147,3.147,5,46
170,4670,9.34,7.2,16.956,3.318,7,49
171,4671,9.342,6.853,16.712,3.463,3,52
172,4672,9.344,6.743,15.714,2.993,5,46
173,4673,9.346,6.618,16.606,3.22,9,48
174,4674,9.348,6.52,16.86,2.985,11,50
175,4675,9.35,5.986,16.314,3.062,11,45
176,4676,9.352,5.307,15.754,3.1,10,48
177,4677,9.354,6.012,14.006,3.059,6,54
178,4678,9.356,5.186,15.142,2.847,7,50
179,4679,9.358,5.268,14.604,3.003,8,49
180,4680,9.36,4.531,13.293,3.072,9,45
181,4681,9.362,4.925,14.024,3.022,8,51
182,4682,9.364,4.419,14.954,3.176,10,52
183,4683,9.366,4.123,14.578,2.928,11,46
184,4684,9.368,4.325,14.101,2.95,6,48
185,4685,9.37,3.992,14.187,2.738,8,49
186,4686,9.372,3.822,13.638,3.045,5,51
187,4687,9.374,3.883,12.042,3.069,5,51
188,4688,9.376,3.698,13.744,3.239,7,53
189,4689,9.378,4.127,14.013,2.952,7,51
190,4690,9.38,3.849,14.431,3.018,8,52
191,4691,9.382,3.701,15.621,3.076,9,49
192,4692,9.384,4.062,14.541,3.264,8,50
193,4693,9.386,3.689,14.252,3.073,7,55
194,4694,9.388,5.363,14.81,3.114,8,46
195,4695,9.39,4.513,14.444,3.201,11,47
196,4696,9.392,5.821,15.041,3.482,3,54
197,4697,9.394,4.693,14.465,3.21,11,50
198,4698,9.396,4.649,13.825,3.171,10,48
199,4699,9.398,4.306,15.466,2.748,10,45
200,4700,9.4,5.606,15.879,3.246,8,48
201,4701,9.402,5.2,15.469,2.693,7,43
202,4702,9.404,6.018,15.383,3.292,5,53
203,4703,9.406,5.513,14.048,2.837,7,50
204,4704,9.408,5.765,14.303,3.252,8,49
205,4705,9.41,5.728,12.959,2.98,7,52
206,4706,9.412,6.458,12.539,2.966,6,50
207,4707,9.414,7.052,11.217,3.271,7,46
208,4708,9.416,6.42,11.335,3.084,8,48
209,4709,9.418,6.546,10.276,3.021,6,50
210,4710,9.42,7.609,9.927,3.274,4,50
211,4711,9.422,7.01,8.602,3.014,7,52
212,4712,9.424,6.82,7.493,3.134,1,48
213,4713,9.426,6.996,8.156,2.892,5,47
214,4714,9.428,7.109,8.786,3.161,5,48
215,4715,9.43,7.436,8.483,3.132,5,51
216,4716,9.432,7.297,8.902,2.835,5,45
217,4717,9.434,6.59,9.833,3.053,2,48
218,4718,9.436,6.279,10.419,3.118,4,53
219,4719,9.438,5.644,10.357,3.143,6,55
220,4720,9.44,7.014,9.816,3.287,4,49
221,4721,9.442,5.982,10.359,3.241,5,52
222,4722,9.444,6.531,9.552,3.288,4,58
223,4723,9.446,6.204,9.609,3.358,5,55
224,4724,9.448,6.997,7.813,3.09,3,54
225,4725,9.45,6.587,8.229,2.881,5,50
226,4726,9.452,6.902,7.313,3.748,4,45
227,4727,9.454,7.124,8.587,3.539,7,46
228,4728,9.456,7.031,8.748,3.271,9,39
229,4729,9.458,6.891,8.231,3.336,5,40
230,4730,9.46,5.038,7.647,2.817,15,32
231,4731,9.462,4.84,7.6,3.097,13,38
232,4732,9.464,5.298,6.228,3.127,11,40
233,4733,9.466,6.033,6.385,2.958,14,34
234,4734,9.468,5.142,5.615,3.1,11,36
235,4735,9.47,5.131,5.131,3.227,10,39
236,4736,9.472,5.821,6.803,3.219,15,35
237,4737,9.474,6.148,7.802,3.04,11,41
238,4738,9.476,5.87,7.651,3.335,10,47
239,4739,9.478,5.712,7.74,2.744,10,45
240,4740,9.48,4.921,7.553,2.923,11,38
241,4741,9.482,5.55,6.898,3.181,13,31
242,4742,9.484,6.378,6.378,3.332,9,37
243,4743,9.486,5.264,7.03,3.203,13,37
244,4744,9.488,4.847,6.999,2.897,14,38
245,4745,9.49,5.044,6.532,3.133,15,39
246,4746,9.492,4.486,6.782,3.185,15,37
247,4747,9.494,4.262,6.773,2.812,13,38
248,4748,9.496,4.962,6.394,3.018,12,36
249,4749,9.498,4.608,7.115,3.193,16,40
250,4750,9.5,3.921,6.418,2.992,16,30
251,4751,9.502,4.184,7.902,3.037,15,37
252,4752,9.504,5.054,7.06,3.048,13,41
253,4753,9.506,4.413,7.219,3.124,10,36
254,4754,9.508,4.045,7.756,3.051,9,35
255,4755,9.51,5.38,6.811,2.9,7,38
256,4756,9.512,5.214,7.864,3.233,10,43
257,4757,9.514,4.658,8.181,3.424,6,45
258,4758,9.516,3.837,7.473,3.157,10,40
259,4759,9.518,4.202,7.133,2.988,10,36
260,4760,9.52,4.412,7.193,2.986,7,37
261,4761,9.522,4.107,7.777,3.184,9,39
262,4762,9.524,5.237,9.292,3.226,10,33
263,4763,9.526,4.693,8.632,2.872,12,42
264,4764,9.528,3.966,8.802,2.921,13,44
265,4765,9.53,4.504,9.76,3.127,15,37
266,4766,9.532,4.774,9.771,2.934,13,36
267,4767,9.534,6.343,10.178,3.146,10,37
268,4768,9.536,4.698,8.628,3.025,12,35
269,4769,9.538,5.799,7.746,3.118,15,40
270,4770,9.54,4.75,8.509,3.248,14,40
271,4771,9.542,7.012,9.111,3.254,12,39
272,4772,9.544,6.283,7.897,3.027,14,43
273,4773,9.546,5.848,7.897,2.989,12,39
274,4774,9.548,5.861,8.428,3.099,13,38
275,4775,9.55,5.542,8.964,3.002,13,41
276,4776,9.552,5.8,10.19,2.984,10,39
277,4777,9.554,5.578,8.467,3.231,11,37
278,4778,9.556,6.601,8.364,3.324,13,37
279,4779,9.558,5.704,7.347,3.301,12,40
280,4780,9.56,6.148,6.774,3.106,8,39
281,4781,9.562,6.24,7.646,3.174,10,40
282,4782,9.564,6.113,8.891,3.128,11,35
283,4783,9.566,7.081,9.456,3.161,13,40
284,4784,9.568,6.818,8.34,3.159,9,42
285,4785,9.57,5.266,8.236,3.091,9,40
286,4786,9.572,6.77,8.057,3.043,12,42
287,4787,9.574,5.346,7.298,3.256,11,43
288,4788,9.576,5.012,7.585,3.434,8,43
289,4789,9.578,5.115,9.003,3.189,11,37
290,4790,9.58,5.974,9.314,3.36,8,46
291,4791,9.582,4.656,10.286,3.355,11,40
292,4792,9.584,5.175,9.733,3.071,11,42
293,4793,9.586,5.359,10.134,3.126,8,45
294,4794,9.588,5.716,9.295,3.104,10,42
295,4795,9.59,5.301,10.592,3.286,11,41
296,4796,9.592,5.118,10.648,3.212,11,44
297,4797,9.594,5.155,11.261,3.154,11,39
298,4798,9.596,5.062,10.024,2.929,17,41
299,4799,9.598,6.577,9.757,2.988,13,37
300,4800,9.6,6.632,10.257,3.14,10,42
301,4801,9.602,6.445,10.184,3.261,13,42
302,4802,9.604,6.153,9.652,3.406,7,42
303,4803,9.606,6.44,10.64,3.143,8,48
304,4804,9.608,5.778,10.724,3.071,9,37
305,4805,9.61,6.594,11.15,3.209,6,43
306,4806,9.612,6.39,10.368,3.159,9,39
307,4807,9.614,6.446,9.991,3.04,13,38
308,4808,9.616,6.454,9.474,2.932,11,38
309,4809,9.618,5.794,10.215,3.165,11,41
310,4810,9.62,6.109,10.743,3.054,13,37
311,4811,9.622,4.522,9.774,2.952,16,39
312,4812,9.624,4.857,8.38,3.255,15,41
313,4813,9.626,5.285,8.583,3.361,8,37
314,4814,9.628,5.09,8.744,2.992,14,38
315,4815,9.63,4.39,8.765,2.967,14,31
316,4816,9.632,4.698,8.782,3.193,14,31
317,4817,9.634,5.192,10.357,2.997,16,32
318,4818,9.636,5.06,9.569,3.356,10,38
319,4819,9.638,6.202,10.222,3.134,11,41
320,4820,9.64,5.758,10.434,3.111,12,38
321,4821,9.642,6.198,9.871,3.054,14,39
322,4822,9.644,5.94,10.182,3.12,18,34
323,4823,9.646,5.45,9.937,3.039,15,40
324,4824,9.648,4.515,8.105,2.981,6,36
325,4825,9.65,5.6,8.71,3.425,5,40
326,4826,9.652,4.803,7.666,3.284,4,43
327,4827,9.654,4.535,7.563,3.037,15,40
328,4828,9.656,4.268,7.731,3.152,8,36
329,4829,9.658,4.482,8.622,3.065,11,35
330,4830,9.66,4.857,9.264,3.271,9,38
331,4831,9.662,5.203,10.197,3.248,11,39
332,4832,9.664,5.036,9.049,3.473,5,42
333,4833,9.666,5.03,9.055,3.001,15,36
334,4834,9.668,4.596,9.096,2.987,11,41
335,4835,9.67,5.167,8.447,3.119,10,45
336,4836,9.672,5.849,9.023,3.21,8,38
337,4837,9.674,5.321,8.928,3.187,10,42
338,4838,9.676,4.766,10.615,3.351,6,45
339,4839,9.678,4.942,9.421,3.118,13,38
340,4840,9.68,5.306,10.025,3.059,10,39
341,4841,9.682,5.239,11.539,3.36,9,44
342,4842,9.684,5.757,11.476,3.387,11,42
343,4843,9.686,6.396,10.583,3.191,12,38
344,4844,9.688,5.826,10.209,2.96,16,41
345,4845,9.69,4.195,10.986,3.039,7,40
346,4846,9.692,5.171,11.801,3.601,5,46
347,4847,9.694,5.144,13.145,3.333,7,47
348,4848,9.696,4.738,12.757,3.313,10,36
349,4849,9.698,5.685,11.275,3.251,8,42
350,4850,9.7,5.132,11.296,3.412,7,45
351,4851,9.702,6.019,12.802,3.164,9,41
352,4852,9.704,5.417,12.619,3.174,11,42
353,4853,9.706,4.919,13.833,2.838,10,41
354,4854,9.708,5.721,12.527,3.694,5,43
355,4855,9.71,5.896,14.357,3.316,11,43
356,4856,9.712,5.157,16.323,3.166,10,44
357,4857,9.714,5.07,16.945,3.416,7,46
358,4858,9.716,4.498,14.936,3.063,13,39
359,4859,9.718,4.71,15.282,3.037,9,43
360,4860,9.72,4.41,16.255,3.054,8,44
361,4861,9.722,3.911,16.184,3.026,12,42
362,4862,9.724,5.226,16.08,3.123,10,43
363,4863,9.726,5.412,14.409,3.148,10,47
364,4864,9.728,4.212,14.626,3.108,8,44
365,4865,9.73,4.018,12.716,3.09,8,42
366,4866,9.732,3.948,13.632,3.186,8,46
367,4867,9.734,4.055,14.67,3.205,9,37
368,4868,9.736,4.277,14.787,2.999,11,42
369,4869,9.738,4.151,14.694,3.055,13,46
370,4870,9.74,5.281,17.869,3.148,9,42
371,4871,9.742,3.886,18.528,3.225,12,46
372,4872,9.744,4.533,18.9,3.01,9,38
373,4873,9.746,4.831,17.785,3.184,11,39
374,4874,9.748,4.454,16.776,2.875,11,41
375,4875,9.75,4.842,16.809,3.049,11,39
376,4876,9.752,4.68,18.241,2.88,13,45
377,4877,9.754,4.861,17.856,2.717,18,42
378,4878,9.756,5.207,16.549,2.785,12,35
379,4879,9.758,4.227,16.424,2.934,17,32
380,4880,9.76,5.071,15.182,2.902,14,41
381,4881,9.762,4.473,15.287,3.124,13,44
382,4882,9.764,3.993,15.255,2.997,16,41
383,4883,9.766,4.888,15.706,3.176,13,44
384,4884,9.768,3.988,16.085,3.179,7,42
385,4885,9.77,3.943,15.814,2.81,14,40
386,4886,9.772,3.956,16.162,3.0,9,39
387,4887,9.774,4.013,16.879,2.994,10,39
388,4888,9.776,3.9,16.093,2.98,8,37
389,4889,9.778,4.168,15.738,3.026,7,43
390,4890,9.78,3.953,15.771,3.107,4,45
391,4891,9.782,4.176,16.617,2.907,7,43
392,4892,9.784,3.686,17.7,2.98,9,41
393,4893,9.786,3.755,17.595,2.946,6,45
394,4894,9.788,4.192,17.721,3.237,8,48
395,4895,9.79,4.079,17.27,2.722,11,43
396,4896,9.792,3.983,16.674,3.195,9,39
397,4897,9.794,3.726,16.315,2.905,11,37
398,4898,9.796,4.074,16.07,2.991,14,37
399,4899,9.798,4.125,14.638,2.974,17,35
400,4900,9.8,3.751,15.307,2.849,10,46
401,4901,9.802,3.853,16.255,3.152,12,40
402,4902,9.804,4.159,14.754,3.005,12,39
403,4903,9.806,3.945,14.65,3.151,12,41
404,4904,9.808,4.781,14.04,3.084,10,41
405,4905,9.81,4.06,13.382,2.908,11,39
406,4906,9.812,4.345,13.748,3.083,9,42
407,4907,9.814,4.217,15.051,3.017,12,42
408,4908,9.816,4.288,14.913,3.047,10,41
409,4909,9.818,4.269,15.433,3.322,9,43
410,4910,9.82,4.337,16.119,3.186,10,43
411,4911,9.822,4.397,16.139,3.01,7,44
412,4912,9.824,4.431,15.897,3.095,9,39
413,4913,9.826,4.207,13.642,2.979,7,41
414,4914,9.828,4.131,14.61,3.023,7,44
415,4915,9.83,4.413,14.807,3.272,7,46
416,4916,9.832,3.997,15.338,3.242,8,41
417,4917,9.834,4.112,15.998,3.065,10,43
418,4918,9.836,4.286,16.166,2.985,9,46
419,4919,9.838,4.01,13.51,3.191,9,49
420,4920,9.84,4.393,15.309,3.048,13,44
421,4921,9.842,5.487,15.254,3.031,10,45
422,4922,9.844,4.476,14.41,3.08,7,39
423,4923,9.846,4.407,14.055,2.761,11,47
424,4924,9.848,4.196,16.428,2.761,10,45
425,4925,9.85,4.473,16.342,3.047,17,38
426,4926,9.852,3.798,14.764,2.994,16,35
427,4927,9.854,4.389,15.262,3.273,12,38
428,4928,9.856,4.547,14.177,3.1,10,43
429,4929,9.858,4.299,14.236,2.978,15,42
430,4930,9.86,4.236,13.279,3.095,13,46
431,4931,9.862,4.158,13.708,2.866,12,45
432,4932,9.864,5.092,13.045,2.931,9,44
433,4933,9.866,4.28,12.314,3.156,10,44
434,4934,9.868,4.74,12.887,3.037,13,40
435,4935,9.87,3.85,13.522,3.262,13,41
436,4936,9.872,4.445,12.668,3.225,12,42
437,4937,9.874,3.969,12.453,3.268,8,43
438,4938,9.876,3.831,13.141,3.038,8,44
439,4939,9.878,3.972,13.855,3.199,8,37
440,4940,9.88,4.407,14.296,3.0,9,41
441,4941,9.882,4.543,13.79,3.024,11,41
442,4942,9.884,4.954,15.211,3.121,13,34
443,4943,9.886,6.259,16.252,3.13,9,36
444,4944,9.888,5.077,15.15,3.226,13,33
445,4945,9.89,4.561,13.402,2.906,7,40
446,4946,9.892,4.11,13.871,3.172,8,45
447,4947,9.894,4.348,14.474,3.167,8,37
448,4948,9.896,4.669,14.919,3.154,10,38
449,4949,9.898,4.511,12.733,3.097,8,38
450,4950,9.9,5.056,12.099,3.209,8,43
451,4951,9.902,5.487,12.616,3.374,6,38
452,4952,9.904,6.798,12.476,3.064,15,39
453,4953,9.906,6.301,12.519,3.333,14,36
454,4954,9.908,6.611,12.864,3.054,15,31
455,4955,9.91,6.741,10.748,3.243,14,37
456,4956,9.912,6.869,12.293,3.195,12,35
457,4957,9.914,7.03,13.586,3.006,15,38
458,4958,9.916,7.212,14.665,3.291,16,35
459,4959,9.918,6.447,12.822,3.098,13,35
460,4960,9.92,6.082,13.244,2.889,13,38
461,4961,9.922,6.008,13.067,3.068,15,37
462,4962,9.924,6.926,14.308,3.098,18,34
463,4963,9.926,6.493,14.912,3.116,15,35
464,4964,9.928,6.746,12.74,3.043,17,37
465,4965,9.93,6.355,12.169,3.071,15,37
466,4966,9.932,6.486,12.942,3.137,18,38
467,4967,9.934,6.464,11.357,3.001,18,37
468,4968,9.936,6.946,11.489,3.128,13,33
469,4969,9.938,7.226,11.92,3.056,14,34
470,4970,9.94,6.533,12.261,3.031,16,39
471,4971,9.942,6.176,12.914,2.884,18,32
472,4972,9.944,7.137,13.215,3.089,18,37
473,4973,9.946,6.74,14.172,2.943,14,35
474,4974,9.948,6.958,14.346,3.028,14,38
475,4975,9.95,7.17,13.702,2.993,11,37
476,4976,9.952,6.016,14.327,3.06,16,35
477,4977,9.954,5.332,13.414,3.217,12,34
478,4978,9.956,5.998,13.929,3.072,15,33
479,4979,9.958,3.646,14.017,2.806,15,35
480,4980,9.96,4.283,14.135,2.914,16,38
481,4981,9.962,3.523,13.6,2.85,9,39
482,4982,9.964,3.771,14.72,2.971,20,34
483,4983,9.966,5.203,15.116,2.995,15,37
484,4984,9.968,5.966,15.409,3.266,16,38
485,4985,9.97,5.354,14.95,3.139,8,39
486,4986,9.972,3.714,15.269,3.225,12,42
487,4987,9.974,3.838,14.627,3.157,11,39
488,4988,9.976,4.223,15.516,3.087,16,37
489,4989,9.978,4.111,15.013,3.058,11,43
490,4990,9.98,5.394,15.089,3.073,15,39
491,4991,9.982,4.397,16.515,3.355,10,37
492,4992,9.984,3.763,15.714,3.122,14,38
493,4993,9.986,4.192,15.927,3.176,13,38
494,4994,9.988,3.622,16.713,2.903,15,38
495,4995,9.99,3.812,16.283,3.236,16,39
496,4996,9.992,3.905,16.21,3.283,10,36
497,4997,9.994,3.794,16.102,2.802,10,39
498,4998,9.996,3.836,16.222,2.952,14,35
499,4999,9.998,4.742,15.989,2.982,11,37
500,5000,10.0,4.48,15.538,3.27,9,41
