replica	segment	seed
replica_01	equil_500ps	202609301
replica_01	production_chunk_01	202609321
replica_01	production_chunk_02	202609322
replica_01	production_chunk_03	202609323
replica_01	production_chunk_04	202609324
replica_01	production_chunk_05	202609325
replica_02	equil_500ps	202609302
replica_02	production_chunk_01	202609341
replica_02	production_chunk_02	202609342
replica_02	production_chunk_03	202609343
replica_02	production_chunk_04	202609344
replica_02	production_chunk_05	202609345
replica_03	equil_500ps	202609303
replica_03	production_chunk_01	202609361
replica_03	production_chunk_02	202609362
replica_03	production_chunk_03	202609363
replica_03	production_chunk_04	202609364
replica_03	production_chunk_05	202609365
