r1_A,r2_A,DeltaE_kcal_mol
2.679000,4.631000,40.926162
2.679000,5.408778,42.428507
2.679000,6.186556,43.404968
2.679000,6.964333,43.111438
2.679000,7.742111,42.022201
2.679000,8.519889,41.219704
2.679000,9.297667,41.130108
2.679000,10.075444,41.517376
2.679000,10.853222,42.312123
2.679000,11.631000,34.663611
3.456778,4.631000,8.410290
3.456778,5.408778,9.930093
3.456778,6.186556,10.580770
3.456778,6.964333,10.130212
3.456778,7.742111,10.656196
3.456778,8.519889,11.361981
3.456778,9.297667,10.296031
3.456778,10.075444,10.510319
3.456778,10.853222,8.466778
3.456778,11.631000,8.609085
4.234556,4.631000,3.174577
4.234556,5.408778,3.871125
4.234556,6.186556,1.813101
4.234556,6.964333,1.711381
4.234556,7.742111,1.541088
4.234556,8.519889,0.000000
4.234556,9.297667,0.066516
4.234556,10.075444,0.606080
4.234556,10.853222,2.424063
4.234556,11.631000,2.297024
5.012333,4.631000,2.791852
5.012333,5.408778,2.892875
5.012333,6.186556,3.431868
5.012333,6.964333,3.235734
5.012333,7.742111,1.649233
5.012333,8.519889,2.109800
5.012333,9.297667,2.871941
5.012333,10.075444,3.519136
5.012333,10.853222,2.599376
5.012333,11.631000,3.745297
5.790111,4.631000,4.108788
5.790111,5.408778,4.628560
5.790111,6.186556,4.807061
5.790111,6.964333,5.157274
5.790111,7.742111,3.046659
5.790111,8.519889,2.571308
5.790111,9.297667,3.051284
5.790111,10.075444,3.860570
5.790111,10.853222,4.863035
5.790111,11.631000,1.277559
6.567889,4.631000,4.137873
6.567889,5.408778,6.246750
6.567889,6.186556,6.890732
6.567889,6.964333,5.895452
6.567889,7.742111,4.731585
6.567889,8.519889,3.497299
6.567889,9.297667,4.209447
6.567889,10.075444,5.267365
6.567889,10.853222,6.302981
6.567889,11.631000,5.603139
7.345667,4.631000,4.838694
7.345667,5.408778,6.683917
7.345667,6.186556,7.802603
7.345667,6.964333,7.518455
7.345667,7.742111,7.306018
7.345667,8.519889,5.380373
7.345667,9.297667,5.965996
7.345667,10.075444,7.172214
7.345667,10.853222,6.996561
7.345667,11.631000,7.190625
8.123444,4.631000,4.365985
8.123444,5.408778,6.803709
8.123444,6.186556,8.889701
8.123444,6.964333,8.113490
8.123444,7.742111,7.625959
8.123444,8.519889,5.601852
8.123444,9.297667,5.634069
8.123444,10.075444,6.765744
8.123444,10.853222,6.771819
8.123444,11.631000,7.613987
8.901222,4.631000,5.065413
8.901222,5.408778,6.779713
8.901222,6.186556,7.932241
8.901222,6.964333,8.743271
8.901222,7.742111,8.419828
8.901222,8.519889,7.420419
8.901222,9.297667,8.054341
8.901222,10.075444,6.170451
8.901222,10.853222,6.723827
8.901222,11.631000,7.719214
9.679000,4.631000,5.906897
9.679000,5.408778,7.521956
9.679000,6.186556,8.181418
9.679000,6.964333,8.228456
9.679000,7.742111,8.216640
9.679000,8.519889,7.096969
9.679000,9.297667,8.311796
9.679000,10.075444,8.575952
9.679000,10.853222,8.334556
9.679000,11.631000,8.572376
