r1,4.631000,5.408778,6.186556,6.964333,7.742111,8.519889,9.297667,10.075444,10.853222,11.631000
2.679000,40.926162,42.428507,43.404968,43.111438,42.022201,41.219704,41.130108,41.517376,42.312123,34.663611
3.456778,8.410290,9.930093,10.580770,10.130212,10.656196,11.361981,10.296031,10.510319,8.466778,8.609085
4.234556,3.174577,3.871125,1.813101,1.711381,1.541088,0.000000,0.066516,0.606080,2.424063,2.297024
5.012333,2.791852,2.892875,3.431868,3.235734,1.649233,2.109800,2.871941,3.519136,2.599376,3.745297
5.790111,4.108788,4.628560,4.807061,5.157274,3.046659,2.571308,3.051284,3.860570,4.863035,1.277559
6.567889,4.137873,6.246750,6.890732,5.895452,4.731585,3.497299,4.209447,5.267365,6.302981,5.603139
7.345667,4.838694,6.683917,7.802603,7.518455,7.306018,5.380373,5.965996,7.172214,6.996561,7.190625
8.123444,4.365985,6.803709,8.889701,8.113490,7.625959,5.601852,5.634069,6.765744,6.771819,7.613987
8.901222,5.065413,6.779713,7.932241,8.743271,8.419828,7.420419,8.054341,6.170451,6.723827,7.719214
9.679000,5.906897,7.521956,8.181418,8.228456,8.216640,7.096969,8.311796,8.575952,8.334556,8.572376
