PFAS,model,method,solvent,input_keywords,dielectric_constant,SMD_input,preparation_or_deformation_term_printed,source_archive,source_output,source_sha256
6:2 FTCA,BTMA⁺,r²SCAN-3c,water,"r2scan-3c TightSCF EDA CPCM",72.5,"smd true | SMDSolvent ""Water""",False,04-01_Calculations.zip,01_Calculations/01_BTMA/03_EDA/r2scan-3c/R4N+FHEA-_r2/R4N+FHEA-_r2.out,7c009ce65ec44513a7a4c8091d826d1f28dbdb4011a3a189e72df7dd23fa373c
6:2 FTCA,BTMA⁺,ωB97X-D3,water,"wb97x-d3 def2-TZVPD TightSCF EDA CPCM",72.5,"smd true | SMDSolvent ""Water""",False,04-01_Calculations.zip,01_Calculations/01_BTMA/03_EDA/wb97x-d3/R4N+FHEA-_wb/R4N+FHEA-_wb.out,22733f5cd22867350ecb3a028706fa38b1ad3e318d37a658aae5be3c6e2277d7
6:2 FTCA,DVB-BTMA⁺,ωB97X-D3,water,"wb97x-d3 def2-TZVPD TightSCF EDA CPCM",72.5,"smd true | SMDSolvent ""Water""",False,04-01_Calculations.zip,01_Calculations/02_Extended_Monomer/water/03_EDA/wb97x-d3/R4N+FHEA-_EDA/R4N+FHEA-_EDA.out,f68f28c2996ff9c8abc539130a41778c362b4ffcf2b4d32eadaf2c87370a20cf
PFHxA,BTMA⁺,r²SCAN-3c,water,"r2scan-3c TightSCF EDA CPCM",72.5,"smd true | SMDSolvent ""Water""",False,04-01_Calculations.zip,01_Calculations/01_BTMA/03_EDA/r2scan-3c/R4N+PFHxA-_r2/R4N+PFHxA-_r2.out,49b4685f4b20030f8d4be0943b7b0b04554146f76fd69ebb7bd09dbd96168929
PFHxA,BTMA⁺,ωB97X-D3,water,"wb97x-d3 def2-TZVPD TightSCF EDA CPCM",72.5,"smd true | SMDSolvent ""Water""",False,04-01_Calculations.zip,01_Calculations/01_BTMA/03_EDA/wb97x-d3/R4N+PFHxA-_wb/R4N+PFHxA-_wb.out,68081e81e6185a2494cc7d16b25b55434945b8e2c6fd9eaf6167b127bad0d3e6
PFHxA,DVB-BTMA⁺,ωB97X-D3,water,"wb97x-d3 def2-TZVPD TightSCF EDA CPCM",72.5,"smd true | SMDSolvent ""Water""",False,04-01_Calculations.zip,01_Calculations/02_Extended_Monomer/water/03_EDA/wb97x-d3/R4N+PFHxA-_EDA/R4N+PFHxA-_EDA.out,1034c873ae089de43f7e38b9de19ef4012a9b2a784a8dd5e880ce7d18cdf9bfd
PFOA,BTMA⁺,r²SCAN-3c,water,"r2scan-3c VeryTightSCF TRAH EDA CPCM",72.5,"smd true | SMDSolvent ""Water""",False,04-01_Calculations.zip,01_Calculations/01_BTMA/03_EDA/r2scan-3c/R4N+PFOA-_r2/R4N+PFOA-_r2.out,39c5fc26c39bf0b96663da16d2eef53ddd227534325cdb49abeaa5785fd025a4
PFOA,BTMA⁺,ωB97X-D3,water,"wb97x-d3 def2-TZVPD TightSCF EDA CPCM",72.5,"smd true | SMDSolvent ""Water""",False,04-01_Calculations.zip,01_Calculations/01_BTMA/03_EDA/wb97x-d3/R4N+PFOA-_wb/R4N+PFOA-_wb.out,53082f78156c31015fc955ae1b14f9d30d09c595c105c70cfdc5defe11e833ea
PFOA,DVB-BTMA⁺,ωB97X-D3,1-octanol,wb97x-d3 def2-TZVPD TightSCF EDA CPCM,9.8629,"smd true | SMDSolvent ""octanol""",False,07-PFOA_octanol_results_20260926.zip,00-2-octanol_redo/03_EDA/wb97x-d3/R4N+PFOA-_EDA/R4N+PFOA-_EDA.out,9321ebe3259941f9824512813943c0b0957be0bd18f80f5fc2892401e7fc6d4a
PFOA,DVB-BTMA⁺,ωB97X-D3,water,"wb97x-d3 def2-TZVPD TightSCF EDA CPCM",72.5,"smd true | SMDSolvent ""Water""",False,04-01_Calculations.zip,01_Calculations/02_Extended_Monomer/water/03_EDA/wb97x-d3/R4N+PFOA-_EDA/R4N+PFOA-_EDA.out,561ebc198a1c2417d7af183a7548a71462ee65feb17d297b0f50993d584fd77b
PFOS,BTMA⁺,r²SCAN-3c,water,"r2scan-3c VeryTightSCF TRAH EDA CPCM",72.5,"smd true | SMDSolvent ""Water""",False,04-01_Calculations.zip,01_Calculations/01_BTMA/03_EDA/r2scan-3c/R4N+PFOS-_r2/R4N+PFOS-_r2.out,698c393e0a0a73d3fa53f70c34cbc645914a625976eec229ab0b3a72bb5286c2
PFOS,BTMA⁺,ωB97X-D3,water,"wb97x-d3 def2-TZVPD TightSCF EDA CPCM",72.5,"smd true | SMDSolvent ""Water""",False,04-01_Calculations.zip,01_Calculations/01_BTMA/03_EDA/wb97x-d3/R4N+PFOS-_wb/R4N+PFOS-_wb.out,6ee68f1b35e3fe09facac5e8dceb405ad0e614c370d173590f2599387dbb17e0
PFOS,DVB-BTMA⁺,ωB97X-D3,water,"wb97x-d3 def2-TZVPD TightSCF EDA CPCM",72.5,"smd true | SMDSolvent ""Water""",False,04-01_Calculations.zip,01_Calculations/02_Extended_Monomer/water/03_EDA/wb97x-d3/R4N+PFOS-_EDA/R4N+PFOS-_EDA.out,fd09fa39fa619f54bba644005198c60868af96e4be6a22df082bb2305ba4c8ec
