PFAS,model,method,solvent,Pauli_kcal_mol,electrostatic_kcal_mol,orbital_kcal_mol,dispersion_kcal_mol,XC_kcal_mol,gCP_kcal_mol,gCP_separately_printed,CPCM_kcal_mol,Bond_Energy_kcal_mol,component_sum_kcal_mol,Bond_minus_component_sum_kcal_mol,source_output
6:2 FTCA,BTMA⁺,r²SCAN-3c,water,15.730572905729346,-97.51216848451921,-0.8974371923093126,-0.9666659827603621,-5.06032061010741,0.1105989840491318,True,78.14665276147282,5.714036762270072,-10.448767618444993,16.162804380715066,01_Calculations/01_BTMA/03_EDA/r2scan-3c/R4N+FHEA-_r2/R4N+FHEA-_r2.out
6:2 FTCA,BTMA⁺,ωB97X-D3,water,10.336284537200184,-102.63878942386441,-0.6983541013465994,-1.8438080754087247,-3.5612686242502867,,False,79.3999223385612,-2.9212779240614797,-19.00601334910864,16.084735425047157,01_Calculations/01_BTMA/03_EDA/wb97x-d3/R4N+FHEA-_wb/R4N+FHEA-_wb.out
6:2 FTCA,DVB-BTMA⁺,ωB97X-D3,water,25.77094443179998,-114.84013904540697,-1.5935424252029908,-8.6064794964842,-8.380719471759008,,False,80.22682985052892,-10.102441813944187,-27.423106156524277,17.320664342580088,01_Calculations/02_Extended_Monomer/water/03_EDA/wb97x-d3/R4N+FHEA-_EDA/R4N+FHEA-_EDA.out
PFHxA,BTMA⁺,r²SCAN-3c,water,8.484039471411634,-88.62741746450277,-0.9955476710597387,-1.7016328773788605,-6.637318810779339,0.28304153679885957,True,70.53984172801317,-5.008687373560163,-18.65499408749704,13.646306713936877,01_Calculations/01_BTMA/03_EDA/r2scan-3c/R4N+PFHxA-_r2/R4N+PFHxA-_r2.out
PFHxA,BTMA⁺,ωB97X-D3,water,12.926472022031044,-94.36352498999236,-0.8745755788997025,-3.5580839509187894,-4.155784842375367,,False,71.16315391664348,-5.27955384604258,-18.862343423511692,13.582789577469113,01_Calculations/01_BTMA/03_EDA/wb97x-d3/R4N+PFHxA-_wb/R4N+PFHxA-_wb.out
PFHxA,DVB-BTMA⁺,ωB97X-D3,water,21.176753672218517,-92.90755560833692,-1.1923198956334997,-7.5636629800198305,-6.700195887583613,,False,61.92210521357299,-8.708419289048763,-25.264875485782355,16.556456196733592,01_Calculations/02_Extended_Monomer/water/03_EDA/wb97x-d3/R4N+PFHxA-_EDA/R4N+PFHxA-_EDA.out
PFOA,BTMA⁺,r²SCAN-3c,water,6.302376090887835,-88.15297574898611,-0.5837276359914407,-1.4697354962432123,-5.14518524237496,0.19070916528502557,True,68.75595610105039,-4.114734051099551,-20.102582766372475,15.987848715272925,01_Calculations/01_BTMA/03_EDA/r2scan-3c/R4N+PFOA-_r2/R4N+PFOA-_r2.out
PFOA,BTMA⁺,ωB97X-D3,water,9.258612818749643,-92.24241583445293,-0.5041701023492988,-2.988003077213164,-3.097718465171956,,False,69.26598751839254,-4.391151472388972,-20.307707142045167,15.916555669656194,01_Calculations/01_BTMA/03_EDA/wb97x-d3/R4N+PFOA-_wb/R4N+PFOA-_wb.out
PFOA,DVB-BTMA⁺,ωB97X-D3,1-octanol,28.398383389045378,-84.51784386306456,-2.0803972821305234,-9.232903504596074,-8.918801378351267,,False,59.04391899260057,-14.682919106982753,-17.307643646496476,2.624724539513723,07-PFOA_octanol_results_20260926.zip/00-2-octanol_redo/03_EDA/wb97x-d3/R4N+PFOA-_EDA/R4N+PFOA-_EDA.out
PFOA,DVB-BTMA⁺,ωB97X-D3,water,24.16030839752144,-95.5341054474086,-1.2521507904471882,-9.545061920245166,-7.708979929733171,,False,60.80150055193032,-10.87544538358204,-29.078489138382373,18.203043754800333,01_Calculations/02_Extended_Monomer/water/03_EDA/wb97x-d3/R4N+PFOA-_EDA/R4N+PFOA-_EDA.out
PFOS,BTMA⁺,r²SCAN-3c,water,5.491448107675531,-86.46705570883621,-0.5708766184696051,-1.405996346923557,-4.43810587279618,0.118334167833235,True,68.48391028726255,-3.323353615511821,-18.788341984254245,15.464988368742425,01_Calculations/01_BTMA/03_EDA/r2scan-3c/R4N+PFOS-_r2/R4N+PFOS-_r2.out
PFOS,BTMA⁺,ωB97X-D3,water,7.819482089070465,-89.25119457490236,-0.44446257589819876,-2.7344628943192557,-2.719334331161537,,False,68.33686730999001,-3.6644837043188607,-18.99310497722087,15.328621272902009,01_Calculations/01_BTMA/03_EDA/wb97x-d3/R4N+PFOS-_wb/R4N+PFOS-_wb.out
PFOS,DVB-BTMA⁺,ωB97X-D3,water,27.541021461783604,-68.597780038943,-1.3492500376802632,-10.791272078501995,-9.126817254929213,,False,34.28094585267942,-10.806317622156303,-28.043152095591445,17.23683447343514,01_Calculations/02_Extended_Monomer/water/03_EDA/wb97x-d3/R4N+PFOS-_EDA/R4N+PFOS-_EDA.out
