step,r1_A,r2_A,relative_energy_kcal_mol,state
1,9.679000,4.631000,5.906897,approach
2,8.901222,4.631000,5.065413,
3,8.123444,4.631000,4.365983,
4,7.345667,4.631000,4.838690,
5,6.567889,4.631000,4.137868,
6,5.790111,4.631000,4.108782,
7,5.012333,4.631000,2.791847,
8,4.234556,5.408778,3.871123,displacement
9,4.234556,6.186556,1.813097,
10,4.234556,6.964333,1.711377,
11,4.234556,7.742111,1.541083,
12,4.234556,8.519889,0.000000,bound
13,4.234556,9.297667,0.066515,
14,4.234556,10.075444,0.606077,
15,3.456778,10.853222,8.466777,
16,2.679000,11.631000,34.663610,
